Time (s),1. Current A(RMS) (1),,Time (s),1. Id A (0.0625),,Time (s),1. Battery Current A (0.0625),,Time (s),1. Target torque % of peak (0.1),,Time (s),1. Velocity RPM (1),,Time (s),1. Torque actual value Nm (0.0625),,Time (s),0x0081_Unit_in_pre-operational  ,,Time (s),1. Battery Voltage V (0.0625),,Time (s),1. Heatsink Temperature DegC (1),,Time (s),1. Torque demand value Nm (0.0625),,Time (s),1. Uq V (0.0625),,Time (s),0x0081_Low_batt  ,,Time (s),1. Throttle Input Voltage V (0.00390625),,Time (s),1. Ud V (0.0625),,Time (s),1. Target Iq A (0.0625),,Time (s),0x0081_Supply_critical  ,,Time (s),1. Iq A (0.0625),,
480.6913,0,,480.6715,1.125,,480.6911,0.0,,480.6715,0.0,,480.6913,0,,480.6915,0.0,,0.0,0,,480.6911,108.9375,,480.6911,31,,480.6913,0.0,,480.6915,0.0,,0.0,0,,480.6715,1.31640625,,480.6715,0.0,,480.6915,0.0,,0.0,0,,480.6915,-1.125,,
480.7114,0,,480.6916,-0.4375,,480.7113,0.0,,480.6916,0.0,,480.7114,0,,480.7115,0.0,,80.6514,"0x4681 (0x00 0x00 0x00)",,480.7113,109.0,,480.7113,31,,480.7114,0.0,,480.7115,0.0,,115.112,"0x45C3 (0x03 0x03 0x00)",,480.6916,1.34375,,480.6916,0.0,,480.7115,0.0,,74.8987,"0x4DC3 (0x00 0x00 0x00)",,480.7115,2.125,,
480.7313,0,,480.7117,1.125,,480.7311,0.0,,480.7117,0.0,,480.7313,0,,480.7314,0.0,,80.6514,0,,480.7311,108.9375,,480.7311,31,,480.7313,0.0,,480.7314,0.0,,115.112,0,,480.7117,1.296875,,480.7117,0.0,,480.7314,0.0,,74.8987,0,,480.7314,-0.25,,
480.7514,0,,480.7315,0.0625,,480.7513,0.0,,480.7316,0.0,,480.7514,0,,480.7515,0.0,,80.6514,1,,480.7513,108.9375,,480.7513,31,,480.7514,0.0,,480.7515,0.0,,115.112,1,,480.7315,1.31640625,,480.7315,0.0,,480.7515,0.0,,74.8987,1,,480.7515,-0.25,,
480.7714,0,,480.7516,0.0625,,480.7713,0.0,,480.7517,0.0,,480.7714,0,,480.7715,0.0,,500.763,1,,480.7713,108.9375,,480.7713,31,,480.7714,0.0,,480.7715,0.0,,500.763,1,,480.7516,1.30859375,,480.7516,0.0,,480.7715,0.0,,500.763,1,,480.7715,-0.5625,,
480.7914,0,,480.7716,-0.4375,,480.7913,0.0,,480.7717,0.0,,480.7914,0,,480.7915,0.0,,,,,480.7913,108.875,,480.7913,31,,480.7914,0.0,,480.7915,0.0,,,,,480.7716,1.31640625,,480.7716,0.0,,480.7915,0.0,,,,,480.7915,-0.8125,,
480.8114,0,,480.7916,0.0625,,480.8113,0.0,,480.7917,0.0,,480.8114,0,,480.8115,0.0,,,,,480.8113,108.9375,,480.8113,31,,480.8114,0.0,,480.8115,0.0,,,,,480.7916,1.33203125,,480.7916,0.0,,480.8115,0.0,,,,,480.8115,-0.8125,,
480.8315,0,,480.8116,0.0625,,480.8313,0.0,,480.8117,0.0,,480.8315,0,,480.8316,0.0,,,,,480.8313,108.875,,480.8313,31,,480.8315,0.0,,480.8316,0.0,,,,,480.8116,1.30859375,,480.8116,0.0,,480.8316,0.0,,,,,480.8316,-2.0,,
480.8514,0,,480.8317,-0.9375,,480.8513,0.0,,480.8318,0.0,,480.8514,0,,480.8515,0.0,,,,,480.8513,108.875,,480.8513,31,,480.8514,0.0,,480.8515,0.0,,,,,480.8317,1.30859375,,480.8317,0.0,,480.8515,0.0,,,,,480.8515,1.5,,
480.8714,0,,480.8516,1.125,,480.8713,0.0,,480.8517,0.0,,480.8714,0,,480.8715,0.0,,,,,480.8713,108.9375,,480.8713,31,,480.8714,0.0,,480.8715,0.0,,,,,480.8516,1.34375,,480.8516,0.0,,480.8715,0.0,,,,,480.8715,0.0625,,
480.8914,0,,480.8716,-0.4375,,480.8913,0.0,,480.8717,0.0,,480.8914,0,,480.8915,0.0,,,,,480.8913,108.875,,480.8913,31,,480.8914,0.0,,480.8915,0.0,,,,,480.8716,1.34375,,480.8716,0.0,,480.8915,0.0,,,,,480.8915,-0.8125,,
480.9114,0,,480.8916,0.0625,,480.9113,0.0,,480.8917,0.0,,480.9114,0,,480.9115,0.0,,,,,480.9113,108.9375,,480.9113,31,,480.9114,0.0,,480.9115,0.0,,,,,480.8916,1.32421875,,480.8916,0.0,,480.9115,0.0,,,,,480.9115,-0.25,,
480.9315,0,,480.9117,0.0625,,480.9313,0.0,,480.9117,0.0,,480.9315,0,,480.9317,0.0,,,,,480.9313,109.0,,480.9313,31,,480.9315,0.0,,480.9317,0.0,,,,,480.9117,1.296875,,480.9117,0.0,,480.9317,0.0,,,,,480.9317,-0.25,,
480.9515,0,,480.9318,-0.9375,,480.9513,0.0,,480.9319,0.0,,480.9515,0,,480.9516,0.0,,,,,480.9513,109.0,,480.9513,31,,480.9515,0.0,,480.9516,0.0,,,,,480.9318,1.28125,,480.9318,0.0,,480.9516,0.0,,,,,480.9516,0.0625,,
480.9715,0,,480.9518,0.5625,,480.9713,0.0,,480.9519,0.0,,480.9715,0,,480.9716,0.0,,,,,480.9713,108.9375,,480.9713,31,,480.9715,0.0,,480.9716,0.0,,,,,480.9518,1.28125,,480.9518,0.0,,480.9716,0.0,,,,,480.9716,0.0625,,
480.9916,0,,480.9718,-0.4375,,480.9915,0.0,,480.9718,0.0,,480.9916,0,,480.9917,0.0,,,,,480.9915,108.9375,,480.9915,31,,480.9916,0.0,,480.9917,0.0,,,,,480.9718,1.2890625,,480.9718,0.0,,480.9917,0.0,,,,,480.9917,1.8125,,
481.0115,0,,480.9918,0.625,,481.0113,0.0,,480.9919,0.0,,481.0115,0,,481.0116,0.0,,,,,481.0113,108.9375,,481.0113,31,,481.0115,0.0,,481.0116,0.0,,,,,480.9918,1.31640625,,480.9918,0.0,,481.0116,0.0,,,,,481.0116,0.3125,,
481.0315,0,,481.0118,0.0625,,481.0313,0.0,,481.0118,0.0,,481.0315,0,,481.0316,0.0,,,,,481.0313,108.9375,,481.0313,31,,481.0315,0.0,,481.0316,0.0,,,,,481.0118,1.28125,,481.0118,0.0,,481.0316,0.0,,,,,481.0316,-0.5625,,
481.0515,0,,481.0318,-0.4375,,481.0513,0.0,,481.0318,0.0,,481.0515,0,,481.0516,0.0,,,,,481.0513,108.9375,,481.0513,31,,481.0515,0.0,,481.0516,0.0,,,,,481.0318,1.2734375,,481.0318,0.0,,481.0516,0.0,,,,,481.0516,-0.5625,,
481.0715,0,,481.0517,-0.4375,,481.0713,0.0,,481.0518,0.0,,481.0715,0,,481.0716,0.0,,,,,481.0713,108.9375,,481.0713,31,,481.0715,0.0,,481.0716,0.0,,,,,481.0517,1.33203125,,481.0517,0.0,,481.0716,0.0,,,,,481.0716,-0.5625,,
481.0915,0,,481.0717,-0.4375,,481.0913,0.0,,481.0718,0.0,,481.0915,0,,481.0916,0.0,,,,,481.0913,108.875,,481.0913,31,,481.0915,0.0,,481.0916,0.0,,,,,481.0717,1.33203125,,481.0717,0.0,,481.0916,0.0,,,,,481.0916,0.625,,
481.1115,0,,481.0917,0.625,,481.1113,0.0,,481.0918,0.0,,481.1115,0,,481.1116,0.0,,,,,481.1113,108.9375,,481.1113,31,,481.1115,0.0,,481.1116,0.0,,,,,481.0917,1.30859375,,481.0917,0.0,,481.1116,0.0,,,,,481.1116,-0.5625,,
481.1315,0,,481.1117,0.5625,,481.1314,0.0,,481.1118,0.0,,481.1315,0,,481.1317,0.0,,,,,481.1314,108.9375,,481.1314,31,,481.1315,0.0,,481.1317,0.0,,,,,481.1117,1.32421875,,481.1117,0.0,,481.1317,0.0,,,,,481.1317,-0.8125,,
481.1515,0,,481.1318,-0.9375,,481.1514,0.0,,481.1319,0.0,,481.1515,0,,481.1517,0.0,,,,,481.1514,108.9375,,481.1514,31,,481.1515,0.0,,481.1517,0.0,,,,,481.1318,1.31640625,,481.1318,0.0,,481.1517,0.0,,,,,481.1517,-1.4375,,
481.1715,0,,481.1518,-1.5,,481.1712,0.0,,481.1519,0.0,,481.1715,0,,481.1716,0.0,,,,,481.1712,108.9375,,481.1712,31,,481.1715,0.0,,481.1716,0.0,,,,,481.1518,1.30859375,,481.1518,0.0,,481.1716,0.0,,,,,481.1716,0.0625,,
481.1915,0,,481.1717,0.5625,,481.1912,0.0,,481.1718,0.0,,481.1915,0,,481.1916,0.0,,,,,481.1912,108.875,,481.1912,31,,481.1915,0.0,,481.1916,0.0,,,,,481.1717,1.30859375,,481.1717,0.0,,481.1916,0.0,,,,,481.1916,-1.4375,,
481.2115,0,,481.1917,-0.9375,,481.2112,0.0,,481.1918,0.0,,481.2115,0,,481.2116,0.0,,,,,481.2112,108.875,,481.2112,31,,481.2115,0.0,,481.2116,0.0,,,,,481.1917,1.32421875,,481.1917,0.0,,481.2116,0.0,,,,,481.2116,-0.25,,
481.2315,0,,481.2117,-0.9375,,481.2312,0.0,,481.2118,0.0,,481.2315,0,,481.2316,0.0,,,,,481.2312,108.9375,,481.2312,31,,481.2315,0.0,,481.2316,0.0,,,,,481.2117,1.31640625,,481.2117,0.0,,481.2316,0.0,,,,,481.2316,-1.6875,,
481.2515,0,,481.2317,-0.4375,,481.2512,0.0,,481.2318,0.0,,481.2515,0,,481.2516,0.0,,,,,481.2512,108.875,,481.2512,31,,481.2515,0.0,,481.2516,0.0,,,,,481.2317,1.296875,,481.2317,0.0,,481.2516,0.0,,,,,481.2516,-0.5625,,
481.2715,0,,481.2517,0.5625,,481.2712,0.0,,481.2518,0.0,,481.2715,0,,481.2716,0.0,,,,,481.2712,108.875,,481.2712,31,,481.2715,0.0,,481.2716,0.0,,,,,481.2517,1.2890625,,481.2517,0.0,,481.2716,0.0,,,,,481.2716,-0.5625,,
481.2915,0,,481.2717,-0.4375,,481.2912,0.0,,481.2718,0.0,,481.2915,0,,481.2915,0.0,,,,,481.2912,108.9375,,481.2912,31,,481.2915,0.0,,481.2915,0.0,,,,,481.2717,1.2734375,,481.2717,0.0,,481.2915,0.0,,,,,481.2915,-1.4375,,
481.3114,0,,481.2917,-0.9375,,481.3112,0.0,,481.2917,0.0,,481.3114,0,,481.3115,0.0,,,,,481.3112,108.9375,,481.3112,31,,481.3114,0.0,,481.3115,0.0,,,,,481.2917,1.2734375,,481.2917,0.0,,481.3115,0.0,,,,,481.3115,0.0625,,
481.3314,0,,481.3117,-0.4375,,481.3312,0.0,,481.3117,0.0,,481.3314,0,,481.3315,0.0,,,,,481.3312,108.875,,481.3312,31,,481.3314,0.0,,481.3315,0.0,,,,,481.3117,1.2890625,,481.3117,0.0,,481.3315,0.0,,,,,481.3315,0.0625,,
481.3514,0,,481.3317,-0.4375,,481.3512,0.0,,481.3317,0.0,,481.3514,0,,481.3515,0.0,,,,,481.3512,108.875,,481.3512,31,,481.3514,0.0,,481.3515,0.0,,,,,481.3317,1.32421875,,481.3317,0.0,,481.3515,0.0,,,,,481.3515,0.9375,,
481.3715,0,,481.3517,1.125,,481.3714,0.0,,481.3517,0.0,,481.3715,0,,481.3716,0.0,,,,,481.3714,108.9375,,481.3714,31,,481.3715,0.0,,481.3716,0.0,,,,,481.3517,1.32421875,,481.3517,0.0,,481.3716,0.0,,,,,481.3716,0.0625,,
481.3914,0,,481.3717,-0.4375,,481.3912,0.0,,481.3718,0.0,,481.3914,0,,481.3915,0.0,,,,,481.3912,108.9375,,481.3912,31,,481.3914,0.0,,481.3915,0.0,,,,,481.3717,1.33203125,,481.3717,0.0,,481.3915,0.0,,,,,481.3915,-0.8125,,
481.4114,0,,481.3916,-0.9375,,481.4112,0.0,,481.3917,0.0,,481.4114,0,,481.4115,0.0,,,,,481.4112,108.9375,,481.4112,31,,481.4114,0.0,,481.4115,0.0,,,,,481.3916,1.31640625,,481.3916,0.0,,481.4115,0.0,,,,,481.4115,-1.375,,
481.4315,0,,481.4116,-0.875,,481.4314,0.0,,481.4117,0.0,,481.4315,0,,481.4316,0.0,,,,,481.4314,108.9375,,481.4314,31,,481.4315,0.0,,481.4316,0.0,,,,,481.4116,1.31640625,,481.4116,0.0,,481.4316,0.0,,,,,481.4316,1.5625,,
481.4514,0,,481.4317,1.25,,481.4512,0.0,,481.4318,0.0,,481.4514,0,,481.4515,0.0,,,,,481.4512,108.9375,,481.4512,31,,481.4514,0.0,,481.4515,0.0,,,,,481.4317,1.32421875,,481.4317,0.0,,481.4515,0.0,,,,,481.4515,-0.5,,
481.4715,0,,481.4516,-0.3125,,481.4714,0.0,,481.4517,0.0,,481.4715,0,,481.4716,0.0,,,,,481.4714,108.9375,,481.4714,31,,481.4715,0.0,,481.4716,0.0,,,,,481.4516,1.31640625,,481.4516,0.0,,481.4716,0.0,,,,,481.4716,0.375,,
481.4914,0,,481.4717,0.1875,,481.4911,0.0,,481.4718,0.0,,481.4914,0,,481.4915,0.0,,,,,481.4911,109.0,,481.4911,31,,481.4914,0.0,,481.4915,0.0,,,,,481.4717,1.32421875,,481.4717,0.0,,481.4915,0.0,,,,,481.4915,0.0625,,
481.5114,0,,481.4916,-0.3125,,481.5111,0.0,,481.4917,0.0,,481.5114,0,,481.5115,0.0,,,,,481.5111,108.875,,481.5111,31,,481.5114,0.0,,481.5115,0.0,,,,,481.4916,1.32421875,,481.4916,0.0,,481.5115,0.0,,,,,481.5115,-1.625,,
481.5315,0,,481.5116,-0.3125,,481.5314,0.0,,481.5117,0.0,,481.5315,0,,481.5316,0.0,,,,,481.5314,108.9375,,481.5314,31,,481.5315,0.0,,481.5316,0.0,,,,,481.5116,1.32421875,,481.5116,0.0,,481.5316,0.0,,,,,481.5316,1.0,,
481.5515,0,,481.5317,0.25,,481.5513,0.0,,481.5318,0.0,,481.5515,0,,481.5516,0.0,,,,,481.5513,108.875,,481.5513,31,,481.5515,0.0,,481.5516,0.0,,,,,481.5317,1.3671875,,481.5317,0.0,,481.5516,0.0,,,,,481.5516,-1.375,,
481.5715,0,,481.5517,-0.875,,481.5713,0.0,,481.5518,0.0,,481.5715,0,,481.5716,0.0,,,,,481.5713,108.9375,,481.5713,31,,481.5715,0.0,,481.5716,0.0,,,,,481.5517,1.33203125,,481.5517,0.0,,481.5716,0.0,,,,,481.5716,1.5625,,
481.5915,0,,481.5717,1.25,,481.5913,0.0,,481.5718,0.0,,481.5915,0,,481.5916,0.0,,,,,481.5913,108.9375,,481.5913,31,,481.5915,0.0,,481.5916,0.0,,,,,481.5717,1.32421875,,481.5717,0.0,,481.5916,0.0,,,,,481.5916,-0.4375,,
481.6115,0,,481.5917,0.1875,,481.6113,0.0,,481.5918,0.0,,481.6115,0,,481.6116,0.0,,,,,481.6113,108.9375,,481.6113,31,,481.6115,0.0,,481.6116,0.0,,,,,481.5917,1.37890625,,481.5917,0.0,,481.6116,0.0,,,,,481.6116,1.0,,
481.6315,0,,481.6118,0.25,,481.6313,0.0,,481.6118,0.0,,481.6315,0,,481.6316,0.0,,,,,481.6313,108.9375,,481.6313,31,,481.6315,0.0,,481.6316,0.0,,,,,481.6118,1.3515625,,481.6118,0.0,,481.6316,0.0,,,,,481.6316,-1.375,,
481.6515,0,,481.6317,-0.875,,481.6513,0.0,,481.6318,0.0,,481.6515,0,,481.6516,0.0,,,,,481.6513,108.9375,,481.6513,31,,481.6515,0.0,,481.6516,0.0,,,,,481.6317,1.32421875,,481.6317,0.0,,481.6516,0.0,,,,,481.6516,-0.5,,
481.6715,0,,481.6518,-0.3125,,481.6713,0.0,,481.6518,0.0,,481.6715,0,,481.6716,0.0,,,,,481.6713,108.875,,481.6713,31,,481.6715,0.0,,481.6716,0.0,,,,,481.6518,1.34375,,481.6518,0.0,,481.6716,0.0,,,,,481.6716,-1.0625,,
481.6915,0,,481.6718,-0.8125,,481.6913,0.0,,481.6718,0.0,,481.6915,0,,481.6916,0.0,,,,,481.6913,108.875,,481.6913,31,,481.6915,0.0,,481.6916,0.0,,,,,481.6718,1.3515625,,481.6718,0.0,,481.6916,0.0,,,,,481.6916,-1.9375,,
481.7115,0,,481.6917,-0.875,,481.7113,0.0,,481.6918,0.0,,481.7115,0,,481.7116,0.0,,,,,481.7113,108.9375,,481.7113,31,,481.7115,0.0,,481.7116,0.0,,,,,481.6917,1.34375,,481.6917,0.0,,481.7116,0.0,,,,,481.7116,-0.1875,,
481.7316,0,,481.7117,-0.8125,,481.7315,0.0,,481.7118,0.0,,481.7316,0,,481.7317,0.0,,,,,481.7315,108.9375,,481.7315,31,,481.7316,0.0,,481.7317,0.0,,,,,481.7117,1.3515625,,481.7117,0.0,,481.7317,0.0,,,,,481.7317,-0.1875,,
481.7516,0,,481.7318,0.1875,,481.7515,0.0,,481.7319,0.0,,481.7516,0,,481.7517,0.0,,,,,481.7515,109.0,,481.7515,31,,481.7516,0.0,,481.7517,0.0,,,,,481.7318,1.37890625,,481.7318,0.0,,481.7517,0.0,,,,,481.7517,0.0625,,
481.7716,0,,481.7518,-0.3125,,481.7715,0.0,,481.7519,0.0,,481.7716,0,,481.7717,0.0,,,,,481.7715,109.0,,481.7715,31,,481.7716,0.0,,481.7717,0.0,,,,,481.7518,1.32421875,,481.7518,0.0,,481.7717,0.0,,,,,481.7717,0.375,,
481.7916,0,,481.7718,0.1875,,481.7915,0.0,,481.7719,0.0,,481.7916,0,,481.7917,0.0,,,,,481.7915,109.0,,481.7915,31,,481.7916,0.0,,481.7917,0.0,,,,,481.7718,1.3515625,,481.7718,0.0,,481.7917,0.0,,,,,481.7917,1.5625,,
481.8116,0,,481.7918,1.25,,481.8115,0.0,,481.7919,0.0,,481.8116,0,,481.8117,0.0,,,,,481.8115,108.9375,,481.8115,31,,481.8116,0.0,,481.8117,0.0,,,,,481.7918,1.3671875,,481.7918,0.0,,481.8117,0.0,,,,,481.8117,1.25,,
481.8316,0,,481.8119,0.75,,481.8315,0.0,,481.8119,0.0,,481.8316,0,,481.8317,0.0,,,,,481.8315,108.9375,,481.8315,31,,481.8316,0.0,,481.8317,0.0,,,,,481.8119,1.34375,,481.8119,0.0,,481.8317,0.0,,,,,481.8317,-0.4375,,
481.8516,0,,481.8318,0.6875,,481.8515,0.0,,481.8319,0.0,,481.8516,0,,481.8517,0.0,,,,,481.8515,108.875,,481.8515,31,,481.8516,0.0,,481.8517,0.0,,,,,481.8318,1.31640625,,481.8318,0.0,,481.8517,0.0,,,,,481.8517,-1.0625,,
481.8715,0,,481.8518,-0.3125,,481.8714,0.0,,481.8519,0.0,,481.8715,0,,481.8717,0.0,,,,,481.8714,109.0,,481.8714,31,,481.8715,0.0,,481.8717,0.0,,,,,481.8518,1.30859375,,481.8518,0.0,,481.8717,0.0,,,,,481.8717,-0.5,,
481.8915,0,,481.8718,-0.3125,,481.8914,0.0,,481.8719,0.0,,481.8915,0,,481.8917,0.0,,,,,481.8914,109.0,,481.8914,31,,481.8915,0.0,,481.8917,0.0,,,,,481.8718,1.32421875,,481.8718,0.0,,481.8917,0.0,,,,,481.8917,1.0,,
481.9115,0,,481.8918,1.25,,481.9114,0.0,,481.8919,0.0,,481.9115,0,,481.9117,0.0,,,,,481.9114,109.0,,481.9114,31,,481.9115,0.0,,481.9117,0.0,,,,,481.8918,1.30859375,,481.8918,0.0,,481.9117,0.0,,,,,481.9117,-0.1875,,
481.9316,0,,481.9118,0.1875,,481.9315,0.0,,481.9119,0.0,,481.9316,0,,481.9317,0.0,,,,,481.9315,109.0,,481.9315,31,,481.9316,0.0,,481.9317,0.0,,,,,481.9118,1.30859375,,481.9118,0.0,,481.9317,0.0,,,,,481.9317,0.0625,,
481.9515,0,,481.9319,-0.3125,,481.9514,0.0,,481.9319,0.0,,481.9515,0,,481.9517,0.0,,,,,481.9514,108.9375,,481.9514,31,,481.9515,0.0,,481.9517,0.0,,,,,481.9319,1.34375,,481.9319,0.0,,481.9517,0.0,,,,,481.9517,-1.375,,
481.9715,0,,481.9518,-0.875,,481.9714,0.0,,481.9519,0.0,,481.9715,0,,481.9716,0.0,,,,,481.9714,109.0,,481.9714,31,,481.9715,0.0,,481.9716,0.0,,,,,481.9518,1.38671875,,481.9518,0.0,,481.9716,0.0,,,,,481.9716,1.0,,
481.9915,0,,481.9718,0.25,,481.9914,0.0,,481.9718,0.0,,481.9915,0,,481.9916,0.0,,,,,481.9914,108.9375,,481.9914,31,,481.9915,0.0,,481.9916,0.0,,,,,481.9718,1.359375,,481.9718,0.0,,481.9916,0.0,,,,,481.9916,0.6875,,
482.0115,0,,481.9918,0.75,,482.0114,0.0,,481.9918,0.0,,482.0115,0,,482.0116,0.0,,,,,482.0114,109.0,,482.0114,31,,482.0115,0.0,,482.0116,0.0,,,,,481.9918,1.37890625,,481.9918,0.0,,482.0116,0.0,,,,,482.0116,-1.375,,
482.0315,0,,482.0118,-0.875,,482.0314,0.0,,482.0118,0.0,,482.0315,0,,482.0317,0.0,,,,,482.0314,108.9375,,482.0314,31,,482.0315,0.0,,482.0317,0.0,,,,,482.0118,1.31640625,,482.0118,0.0,,482.0317,0.0,,,,,482.0317,-0.5,,
482.0515,0,,482.0318,-0.3125,,482.0514,0.0,,482.0319,0.0,,482.0515,0,,482.0516,0.0,,,,,482.0514,108.875,,482.0514,31,,482.0515,0.0,,482.0516,0.0,,,,,482.0318,1.32421875,,482.0318,0.0,,482.0516,0.0,,,,,482.0516,-0.5,,
482.0715,0,,482.0518,-0.3125,,482.0714,0.0,,482.0518,0.0,,482.0715,0,,482.0716,0.0,,,,,482.0714,108.875,,482.0714,31,,482.0715,0.0,,482.0716,0.0,,,,,482.0518,1.32421875,,482.0518,0.0,,482.0716,0.0,,,,,482.0716,-1.6875,,
482.0915,0,,482.0717,-1.375,,482.0914,0.0,,482.0718,0.0,,482.0915,0,,482.0916,0.0,,,,,482.0914,108.9375,,482.0914,31,,482.0915,0.0,,482.0916,0.0,,,,,482.0717,1.2890625,,482.0717,0.0,,482.0916,0.0,,,,,482.0916,-0.75,,
482.1115,0,,482.0918,-0.8125,,482.1114,0.0,,482.0918,0.0,,482.1115,0,,482.1116,0.0,,,,,482.1114,108.875,,482.1114,31,,482.1115,0.0,,482.1116,0.0,,,,,482.0918,1.2890625,,482.0918,0.0,,482.1116,0.0,,,,,482.1116,-2.5,,
482.1315,0,,482.1117,-0.875,,482.1314,0.0,,482.1118,0.0,,482.1315,0,,482.1316,0.0,,,,,482.1314,109.0,,482.1314,31,,482.1315,0.0,,482.1316,0.0,,,,,482.1117,1.32421875,,482.1117,0.0,,482.1316,0.0,,,,,482.1316,0.375,,
482.1515,0,,482.1317,0.1875,,482.1514,0.0,,482.1318,0.0,,482.1515,0,,482.1516,0.0,,,,,482.1514,108.9375,,482.1514,31,,482.1515,0.0,,482.1516,0.0,,,,,482.1317,1.32421875,,482.1317,0.0,,482.1516,0.0,,,,,482.1516,-1.0625,,
482.1715,0,,482.1517,-1.375,,482.1714,0.0,,482.1518,0.0,,482.1715,0,,482.1716,0.0,,,,,482.1714,108.9375,,482.1714,31,,482.1715,0.0,,482.1716,0.0,,,,,482.1517,1.33203125,,482.1517,0.0,,482.1716,0.0,,,,,482.1716,-1.625,,
482.1915,0,,482.1717,-0.3125,,482.1913,0.0,,482.1718,0.0,,482.1915,0,,482.1916,0.0,,,,,482.1913,108.9375,,482.1913,31,,482.1915,0.0,,482.1916,0.0,,,,,482.1717,1.31640625,,482.1717,0.0,,482.1916,0.0,,,,,482.1916,-0.5,,
482.2115,0,,482.1917,-0.3125,,482.2114,0.0,,482.1918,0.0,,482.2115,0,,482.2116,0.0,,,,,482.2114,108.9375,,482.2114,31,,482.2115,0.0,,482.2116,0.0,,,,,482.1917,1.32421875,,482.1917,0.0,,482.2116,0.0,,,,,482.2116,-1.625,,
482.2315,0,,482.2117,-0.3125,,482.2313,0.0,,482.2118,0.0,,482.2315,0,,482.2316,0.0,,,,,482.2313,108.9375,,482.2313,31,,482.2315,0.0,,482.2316,0.0,,,,,482.2117,1.32421875,,482.2117,0.0,,482.2316,0.0,,,,,482.2316,-0.1875,,
482.2515,0,,482.2317,0.1875,,482.2513,0.0,,482.2318,0.0,,482.2515,0,,482.2516,0.0,,,,,482.2513,108.9375,,482.2513,31,,482.2515,0.0,,482.2516,0.0,,,,,482.2317,1.32421875,,482.2317,0.0,,482.2516,0.0,,,,,482.2516,0.125,,
482.2715,0,,482.2517,0.75,,482.2713,0.0,,482.2518,0.0,,482.2715,0,,482.2715,0.0,,,,,482.2713,108.9375,,482.2713,31,,482.2715,0.0,,482.2715,0.0,,,,,482.2517,1.30859375,,482.2517,0.0,,482.2715,0.0,,,,,482.2715,-1.375,,
482.2914,0,,482.2717,-0.875,,482.2913,0.0,,482.2717,0.0,,482.2914,0,,482.2915,0.0,,,,,482.2913,108.9375,,482.2913,31,,482.2914,0.0,,482.2915,0.0,,,,,482.2717,1.30859375,,482.2717,0.0,,482.2915,0.0,,,,,482.2915,-0.75,,
482.3114,0,,482.2917,-0.8125,,482.3113,0.0,,482.2917,0.0,,482.3114,0,,482.3115,0.0,,,,,482.3113,108.875,,482.3113,31,,482.3114,0.0,,482.3115,0.0,,,,,482.2917,1.34375,,482.2917,0.0,,482.3115,0.0,,,,,482.3115,0.375,,
482.3314,0,,482.3117,0.1875,,482.3313,0.0,,482.3117,0.0,,482.3314,0,,482.3315,0.0,,,,,482.3313,109.0,,482.3313,31,,482.3314,0.0,,482.3315,0.0,,,,,482.3117,1.30859375,,482.3117,0.0,,482.3315,0.0,,,,,482.3315,-0.1875,,
482.3514,0,,482.3317,0.1875,,482.3513,0.0,,482.3317,0.0,,482.3514,0,,482.3515,0.0,,,,,482.3513,108.9375,,482.3513,31,,482.3514,0.0,,482.3515,0.0,,,,,482.3317,1.296875,,482.3317,0.0,,482.3515,0.0,,,,,482.3515,0.125,,
482.3714,0,,482.3517,0.75,,482.3713,0.0,,482.3517,0.0,,482.3714,0,,482.3715,0.0,,,,,482.3713,108.9375,,482.3713,31,,482.3714,0.0,,482.3715,0.0,,,,,482.3517,1.32421875,,482.3517,0.0,,482.3715,0.0,,,,,482.3715,-1.0625,,
482.3915,0,,482.3717,-0.3125,,482.3913,0.0,,482.3717,0.0,,482.3915,0,,482.3916,0.0,,,,,482.3913,108.9375,,482.3913,31,,482.3915,0.0,,482.3916,0.0,,,,,482.3717,1.32421875,,482.3717,0.0,,482.3916,0.0,,,,,482.3916,-1.625,,
482.4114,0,,482.3917,-0.3125,,482.4113,0.0,,482.3918,0.0,,482.4114,0,,482.4115,0.0,,,,,482.4113,108.875,,482.4113,31,,482.4114,0.0,,482.4115,0.0,,,,,482.3917,1.30859375,,482.3917,0.0,,482.4115,0.0,,,,,482.4115,-0.75,,
482.4314,0,,482.4116,0.1875,,482.4313,0.0,,482.4117,0.0,,482.4314,0,,482.4315,0.0,,,,,482.4313,108.875,,482.4313,31,,482.4314,0.0,,482.4315,0.0,,,,,482.4116,1.30859375,,482.4116,0.0,,482.4315,0.0,,,,,482.4315,-0.75,,
482.4515,0,,482.4317,0.75,,482.4513,0.0,,482.4317,0.0,,482.4515,0,,482.4516,0.0,,,,,482.4513,108.875,,482.4513,31,,482.4515,0.0,,482.4516,0.0,,,,,482.4317,1.2734375,,482.4317,0.0,,482.4516,0.0,,,,,482.4516,-0.5,,
482.4715,0,,482.4517,0.25,,482.4713,0.0,,482.4518,0.0,,482.4715,0,,482.4716,0.0,,,,,482.4713,108.9375,,482.4713,31,,482.4715,0.0,,482.4716,0.0,,,,,482.4517,1.28125,,482.4517,0.0,,482.4716,0.0,,,,,482.4716,-0.75,,
482.4915,0,,482.4717,-0.25,,482.4913,0.0,,482.4718,0.0,,482.4915,0,,482.4916,0.0,,,,,482.4913,108.875,,482.4913,31,,482.4915,0.0,,482.4916,0.0,,,,,482.4717,1.30859375,,482.4717,0.0,,482.4916,0.0,,,,,482.4916,0.125,,
482.5115,0,,482.4918,0.25,,482.5113,0.0,,482.4918,0.0,,482.5115,0,,482.5116,0.0,,,,,482.5113,108.9375,,482.5113,31,,482.5115,0.0,,482.5116,0.0,,,,,482.4918,1.32421875,,482.4918,0.0,,482.5116,0.0,,,,,482.5116,-0.1875,,
482.5314,0,,482.5117,-0.25,,482.5313,0.0,,482.5118,0.0,,482.5314,0,,482.5315,0.0,,,,,482.5313,108.9375,,482.5313,31,,482.5314,0.0,,482.5315,0.0,,,,,482.5117,1.31640625,,482.5117,0.0,,482.5315,0.0,,,,,482.5315,-1.0625,,
482.5514,0,,482.5317,-0.75,,482.5513,0.0,,482.5317,0.0,,482.5514,0,,482.5515,0.0,,,,,482.5513,108.9375,,482.5513,31,,482.5514,0.0,,482.5515,0.0,,,,,482.5317,1.30859375,,482.5317,0.0,,482.5515,0.0,,,,,482.5515,0.125,,
482.5715,0,,482.5517,-0.75,,482.5713,0.0,,482.5517,0.0,,482.5715,0,,482.5716,0.0,,,,,482.5713,108.875,,482.5713,31,,482.5715,0.0,,482.5716,0.0,,,,,482.5517,1.296875,,482.5517,0.0,,482.5716,0.0,,,,,482.5716,-0.75,,
482.5915,0,,482.5717,-1.3125,,482.5913,0.0,,482.5718,0.0,,482.5915,0,,482.5916,0.0,,,,,482.5913,108.9375,,482.5913,31,,482.5915,0.0,,482.5916,0.0,,,,,482.5717,1.296875,,482.5717,0.0,,482.5916,0.0,,,,,482.5916,0.6875,,
482.6115,0,,482.5917,0.25,,482.6113,0.0,,482.5918,0.0,,482.6115,0,,482.6116,0.0,,,,,482.6113,108.9375,,482.6113,31,,482.6115,0.0,,482.6116,0.0,,,,,482.5917,1.296875,,482.5917,0.0,,482.6116,0.0,,,,,482.6116,-1.0,,
482.6315,0,,482.6117,0.25,,482.6313,0.0,,482.6118,0.0,,482.6315,0,,482.6316,0.0,,,,,482.6313,109.0,,482.6313,31,,482.6315,0.0,,482.6316,0.0,,,,,482.6117,1.30859375,,482.6117,0.0,,482.6316,0.0,,,,,482.6316,-0.75,,
482.6515,0,,482.6317,-0.25,,482.6513,0.0,,482.6318,0.0,,482.6515,0,,482.6516,0.0,,,,,482.6513,108.875,,482.6513,31,,482.6515,0.0,,482.6516,0.0,,,,,482.6317,1.31640625,,482.6317,0.0,,482.6516,0.0,,,,,482.6516,-1.625,,
482.6716,0,,482.6517,-0.25,,482.6714,0.0,,482.6518,0.0,,482.6716,0,,482.6717,0.0,,,,,482.6714,108.9375,,482.6714,31,,482.6716,0.0,,482.6717,0.0,,,,,482.6517,1.30859375,,482.6517,0.0,,482.6717,0.0,,,,,482.6717,-0.75,,
482.6915,0,,482.6718,-1.3125,,482.6913,0.0,,482.6719,0.0,,482.6915,0,,482.6916,0.0,,,,,482.6913,108.875,,482.6913,31,,482.6915,0.0,,482.6916,0.0,,,,,482.6718,1.31640625,,482.6718,0.0,,482.6916,0.0,,,,,482.6916,-1.375,,
482.7115,0,,482.6917,-0.75,,482.7113,0.0,,482.6918,0.0,,482.7115,0,,482.7116,0.0,,,,,482.7113,108.9375,,482.7113,31,,482.7115,0.0,,482.7116,0.0,,,,,482.6917,1.32421875,,482.6917,0.0,,482.7116,0.0,,,,,482.7116,-0.5,,
482.7314,0,,482.7117,-0.75,,482.7312,0.0,,482.7118,0.0,,482.7314,0,,482.7315,0.0,,,,,482.7312,108.9375,,482.7312,31,,482.7314,0.0,,482.7315,0.0,,,,,482.7117,1.2890625,,482.7117,0.0,,482.7315,0.0,,,,,482.7315,-1.9375,,
482.7514,0,,482.7317,-0.25,,482.7512,0.0,,482.7317,0.0,,482.7514,0,,482.7515,0.0,,,,,482.7512,108.875,,482.7512,31,,482.7514,0.0,,482.7515,0.0,,,,,482.7317,1.2890625,,482.7317,0.0,,482.7515,0.0,,,,,482.7515,-0.75,,
482.7714,0,,482.7517,-0.25,,482.7713,0.0,,482.7517,0.0,,482.7714,0,,482.7715,0.0,,,,,482.7713,108.9375,,482.7713,31,,482.7714,0.0,,482.7715,0.0,,,,,482.7517,1.33203125,,482.7517,0.0,,482.7715,0.0,,,,,482.7715,-0.5,,
482.7914,0,,482.7717,-0.75,,482.7912,0.0,,482.7717,0.0,,482.7914,0,,482.7915,0.0,,,,,482.7912,108.875,,482.7912,31,,482.7914,0.0,,482.7915,0.0,,,,,482.7717,1.296875,,482.7717,0.0,,482.7915,0.0,,,,,482.7915,-0.75,,
482.8115,0,,482.7917,-0.25,,482.8114,0.0,,482.7917,0.0,,482.8115,0,,482.8116,0.0,,,,,482.8114,108.875,,482.8114,31,,482.8115,0.0,,482.8116,0.0,,,,,482.7917,1.3515625,,482.7917,0.0,,482.8116,0.0,,,,,482.8116,-0.5,,
482.8314,0,,482.8117,-0.75,,482.8312,0.0,,482.8118,0.0,,482.8314,0,,482.8315,0.0,,,,,482.8312,108.875,,482.8312,31,,482.8314,0.0,,482.8315,0.0,,,,,482.8117,1.34375,,482.8117,0.0,,482.8315,0.0,,,,,482.8315,-1.0625,,
482.8514,0,,482.8316,-0.75,,482.8512,0.0,,482.8317,0.0,,482.8514,0,,482.8515,0.0,,,,,482.8512,108.875,,482.8512,31,,482.8514,0.0,,482.8515,0.0,,,,,482.8316,1.296875,,482.8316,0.0,,482.8515,0.0,,,,,482.8515,-1.9375,,
482.8714,0,,482.8516,-1.3125,,482.8712,0.0,,482.8517,0.0,,482.8714,0,,482.8715,0.0,,,,,482.8712,108.9375,,482.8712,31,,482.8714,0.0,,482.8715,0.0,,,,,482.8516,1.31640625,,482.8516,0.0,,482.8715,0.0,,,,,482.8715,-0.75,,
482.8914,0,,482.8716,-0.25,,482.8912,0.0,,482.8717,0.0,,482.8914,0,,482.8915,0.0,,,,,482.8912,108.9375,,482.8912,31,,482.8914,0.0,,482.8915,0.0,,,,,482.8716,1.28125,,482.8716,0.0,,482.8915,0.0,,,,,482.8915,0.6875,,
482.9115,0,,482.8916,-0.75,,482.9114,0.0,,482.8917,0.0,,482.9115,0,,482.9116,0.0,,,,,482.9114,109.0625,,482.9114,31,,482.9115,0.0,,482.9116,0.0,,,,,482.8916,1.28125,,482.8916,0.0,,482.9116,0.0,,,,,482.9116,2.4375,,
482.9314,0,,482.9117,1.3125,,482.9312,0.0,,482.9118,0.0,,482.9314,0,,482.9315,0.0,,,,,482.9312,109.0,,482.9312,31,,482.9314,0.0,,482.9315,0.0,,,,,482.9117,1.3515625,,482.9117,0.0,,482.9315,0.0,,,,,482.9315,1.5625,,
482.9515,0,,482.9316,0.8125,,482.9513,0.0,,482.9317,0.0,,482.9515,0,,482.9516,0.0,,,,,482.9513,108.9375,,482.9513,31,,482.9515,0.0,,482.9516,0.0,,,,,482.9316,1.3515625,,482.9316,0.0,,482.9516,0.0,,,,,482.9516,0.375,,
482.9715,0,,482.9517,-0.25,,482.9713,0.0,,482.9518,0.0,,482.9715,0,,482.9716,0.0,,,,,482.9713,109.0,,482.9713,31,,482.9715,0.0,,482.9716,0.0,,,,,482.9517,1.32421875,,482.9517,0.0,,482.9716,0.0,,,,,482.9716,1.5625,,
482.9915,0,,482.9717,0.8125,,482.9913,0.0,,482.9718,0.0,,482.9915,0,,482.9916,0.0,,,,,482.9913,109.0,,482.9913,31,,482.9915,0.0,,482.9916,0.0,,,,,482.9717,1.33203125,,482.9717,0.0,,482.9916,0.0,,,,,482.9916,1.5625,,
483.0114,0,,482.9917,0.75,,483.0112,0.0,,482.9918,0.0,,483.0114,0,,483.0115,0.0,,,,,483.0112,108.9375,,483.0112,31,,483.0114,0.0,,483.0115,0.0,,,,,482.9917,1.32421875,,482.9917,0.0,,483.0115,0.0,,,,,483.0115,0.6875,,
483.0313,0,,483.0116,0.25,,483.0311,0.0,,483.0117,0.0,,483.0313,0,,483.0315,0.0,,,,,483.0311,108.9375,,483.0311,31,,483.0313,0.0,,483.0315,0.0,,,,,483.0116,1.31640625,,483.0116,0.0,,483.0315,0.0,,,,,483.0315,1.0,,
483.0515,0,,483.0316,0.8125,,483.0513,0.0,,483.0316,0.0,,483.0515,0,,483.0516,0.0,,,,,483.0513,108.9375,,483.0513,31,,483.0515,0.0,,483.0516,0.0,,,,,483.0316,1.32421875,,483.0316,0.0,,483.0516,0.0,,,,,483.0516,1.0,,
483.0714,0,,483.0517,0.8125,,483.0713,0.0,,483.0518,0.0,,483.0714,0,,483.0715,0.0,,,,,483.0713,109.0,,483.0713,31,,483.0714,0.0,,483.0715,0.0,,,,,483.0517,1.34375,,483.0517,0.0,,483.0715,0.0,,,,,483.0715,0.6875,,
483.0914,0,,483.0717,0.25,,483.0913,0.0,,483.0718,0.0,,483.0914,0,,483.0915,0.0,,,,,483.0913,109.0,,483.0913,31,,483.0914,0.0,,483.0915,0.0,,,,,483.0717,1.33203125,,483.0717,0.0,,483.0915,0.0,,,,,483.0915,-0.5,,
483.1114,0,,483.0917,0.25,,483.1113,0.0,,483.0917,0.0,,483.1114,0,,483.1115,0.0,,,,,483.1113,108.9375,,483.1113,31,,483.1114,0.0,,483.1115,0.0,,,,,483.0917,1.2734375,,483.0917,0.0,,483.1115,0.0,,,,,483.1115,0.6875,,
483.1314,0,,483.1117,0.25,,483.1313,0.0,,483.1117,0.0,,483.1314,0,,483.1315,0.0,,,,,483.1313,109.0,,483.1313,31,,483.1314,0.0,,483.1315,0.0,,,,,483.1117,1.28125,,483.1117,0.0,,483.1315,0.0,,,,,483.1315,1.3125,,
483.1515,0,,483.1317,0.8125,,483.1513,0.0,,483.1317,0.0,,483.1515,0,,483.1516,0.0,,,,,483.1513,109.0,,483.1513,31,,483.1515,0.0,,483.1516,0.0,,,,,483.1317,1.30859375,,483.1317,0.0,,483.1516,0.0,,,,,483.1516,0.9375,,
483.1715,0,,483.1517,-0.25,,483.1713,0.0,,483.1518,0.0,,483.1715,0,,483.1716,0.0,,,,,483.1713,109.0,,483.1713,31,,483.1715,0.0,,483.1716,0.0,,,,,483.1517,1.30859375,,483.1517,0.0,,483.1716,0.0,,,,,483.1716,-0.75,,
483.1914,0,,483.1717,0.25,,483.1913,0.0,,483.1718,0.0,,483.1914,0,,483.1915,0.0,,,,,483.1913,109.0,,483.1913,31,,483.1914,0.0,,483.1915,0.0,,,,,483.1717,1.34375,,483.1717,0.0,,483.1915,0.0,,,,,483.1915,1.3125,,
483.2114,0,,483.1916,1.3125,,483.2113,0.0,,483.1917,0.0,,483.2114,0,,483.2115,0.0,,,,,483.2113,109.0,,483.2113,31,,483.2114,0.0,,483.2115,0.0,,,,,483.1916,1.33203125,,483.1916,0.0,,483.2115,0.0,,,,,483.2115,0.6875,,
483.2315,0,,483.2116,1.25,,483.2313,0.0,,483.2117,0.0,,483.2315,0,,483.2315,0.0,,,,,483.2313,108.9375,,483.2313,31,,483.2315,0.0,,483.2315,0.0,,,,,483.2116,1.296875,,483.2116,0.0,,483.2315,0.0,,,,,483.2315,0.375,,
483.2514,0,,483.2317,-0.25,,483.2513,0.0,,483.2317,0.0,,483.2514,0,,483.2515,0.0,,,,,483.2513,108.9375,,483.2513,31,,483.2514,0.0,,483.2515,0.0,,,,,483.2317,1.32421875,,483.2317,0.0,,483.2515,0.0,,,,,483.2515,0.375,,
483.2715,0,,483.2517,-0.25,,483.2713,0.0,,483.2517,0.0,,483.2715,0,,483.2716,0.0,,,,,483.2713,108.9375,,483.2713,31,,483.2715,0.0,,483.2716,0.0,,,,,483.2517,1.32421875,,483.2517,0.0,,483.2716,0.0,,,,,483.2716,0.6875,,
483.2914,0,,483.2718,0.25,,483.2913,0.0,,483.2718,0.0,,483.2914,0,,483.2915,0.0,,,,,483.2913,109.0,,483.2913,31,,483.2914,0.0,,483.2915,0.0,,,,,483.2718,1.28125,,483.2718,0.0,,483.2915,0.0,,,,,483.2915,1.0,,
483.3114,0,,483.2917,0.8125,,483.3113,0.0,,483.2917,0.0,,483.3114,0,,483.3115,0.0,,,,,483.3113,108.9375,,483.3113,31,,483.3114,0.0,,483.3115,0.0,,,,,483.2917,1.24609375,,483.2917,0.0,,483.3115,0.0,,,,,483.3115,1.0,,
483.3315,0,,483.3117,0.8125,,483.3313,0.0,,483.3117,0.0,,483.3315,0,,483.3316,0.0,,,,,483.3313,109.0,,483.3313,31,,483.3315,0.0,,483.3316,0.0,,,,,483.3117,1.33203125,,483.3117,0.0,,483.3316,0.0,,,,,483.3316,1.3125,,
483.3515,0,,483.3318,1.3125,,483.3513,0.0,,483.3318,0.0,,483.3515,0,,483.3516,0.0,,,,,483.3513,108.9375,,483.3513,31,,483.3515,0.0,,483.3516,0.0,,,,,483.3318,1.359375,,483.3318,0.0,,483.3516,0.0,,,,,483.3516,-0.1875,,
483.3714,0,,483.3518,-0.25,,483.3713,0.0,,483.3518,0.0,,483.3714,0,,483.3715,0.0,,,,,483.3713,109.0,,483.3713,31,,483.3714,0.0,,483.3715,0.0,,,,,483.3518,1.32421875,,483.3518,0.0,,483.3715,0.0,,,,,483.3715,1.875,,
483.3915,0,,483.3716,0.25,,483.3913,0.0,,483.3717,0.0,,483.3915,0,,483.3916,0.0,,,,,483.3913,108.9375,,483.3913,31,,483.3915,0.0,,483.3916,0.0,,,,,483.3716,1.32421875,,483.3716,0.0,,483.3916,0.0,,,,,483.3916,1.0,,
483.4114,0,,483.3917,0.8125,,483.4113,0.0,,483.3918,0.0,,483.4114,0,,483.4115,0.0,,,,,483.4113,109.0,,483.4113,31,,483.4114,0.0,,483.4115,0.0,,,,,483.3917,1.31640625,,483.3917,0.0,,483.4115,0.0,,,,,483.4115,1.25,,
483.4316,0,,483.4116,0.25,,483.4315,0.0,,483.4117,0.0,,483.4316,0,,483.4317,0.0,,,,,483.4315,108.9375,,483.4315,31,,483.4316,0.0,,483.4317,0.0,,,,,483.4116,1.30859375,,483.4116,0.0,,483.4317,0.0,,,,,483.4317,0.125,,
483.4515,0,,483.4318,-0.25,,483.4513,0.0,,483.4319,0.0,,483.4515,0,,497.0231,6.9375,,,,,483.4513,109.0,,483.4513,31,,483.4515,0.0,,497.0231,0.9375,,,,,483.4318,1.30859375,,483.4318,0.0,,497.0231,11.375,,,,,497.0231,10.25,,
497.023,10,,497.0032,-0.75,,497.0228,0.3125,,497.0032,5.300000000000001,,497.023,0,,497.0432,6.9375,,,,,497.0228,108.9375,,497.0228,31,,497.023,5.8125,,497.0432,0.9375,,,,,497.0032,1.47265625,,497.0032,0.0,,497.0432,11.4375,,,,,497.0432,10.1875,,
497.0431,10,,497.0232,0.8125,,497.043,0.3125,,497.0233,4.2,,497.0431,0,,497.0631,5.75,,,,,497.043,108.9375,,497.043,31,,497.0431,5.8125,,497.0631,0.9375,,,,,497.0232,1.47265625,,497.0232,-0.25,,497.0631,9.5,,,,,497.0631,10.5,,
497.0629,8,,497.0434,-1.8125,,497.0628,0.3125,,497.0434,4.2,,497.0629,0,,497.0833,5.875,,,,,497.0628,108.875,,497.0628,31,,497.0629,6.25,,497.0833,1.125,,,,,497.0434,1.484375,,497.0434,0.1875,,497.0833,9.6875,,,,,497.0833,9.625,,
497.0831,8,,497.0632,0.8125,,497.083,0.3125,,497.0633,4.5,,497.0831,0,,497.1031,6.5,,,,,497.083,108.9375,,497.083,31,,497.0831,7.375,,497.1031,0.9375,,,,,497.0632,1.51953125,,497.0632,-0.1875,,497.1031,10.6875,,,,,497.1031,9.3125,,
497.103,9,,497.0834,-0.75,,497.1028,0.3125,,497.0835,5.300000000000001,,497.103,0,,497.1317,7.875,,,,,497.1028,108.9375,,497.1028,31,,497.103,8.25,,497.1317,1.0,,,,,497.0834,1.54296875,,497.0834,0.1875,,497.1317,12.9375,,,,,497.1317,12.25,,
497.1316,10,,497.1033,-0.25,,497.1315,0.375,,497.1033,5.9,,497.1316,0,,497.1519,7.0625,,,,,497.1315,108.9375,,497.1315,31,,497.1316,6.8125,,497.1519,0.8125,,,,,497.1033,1.5,,497.1033,-0.0625,,497.1519,11.625,,,,,497.1519,12.5625,,
497.1517,11,,497.1319,0.8125,,497.1515,0.375,,497.1319,4.9,,497.1517,0,,497.163,7.0625,,,,,497.1515,108.9375,,497.1515,31,,497.1517,7.9375,,497.163,0.8125,,,,,497.1319,1.52734375,,497.1319,-0.0625,,497.163,11.625,,,,,497.163,12.5625,,
497.1629,11,,497.152,1.3125,,497.1628,0.375,,497.1521,5.7,,497.1629,0,,497.1832,7.8125,,,,,497.1628,108.9375,,497.1628,31,,497.1629,7.6875,,497.1832,0.875,,,,,497.152,1.4921875,,497.152,-0.25,,497.1832,12.875,,,,,497.1832,12.8125,,
497.1831,11,,497.1632,1.3125,,497.183,0.375,,497.1632,5.5,,497.1831,0,,497.2031,7.375,,,,,497.183,108.9375,,497.183,31,,497.1831,6.5625,,497.2031,0.8125,,,,,497.1632,1.4921875,,497.1632,-0.25,,497.2031,12.125,,,,,497.2031,13.4375,,
497.203,11,,497.1834,-1.25,,497.2028,0.375,,497.1834,4.7,,497.203,0,,497.2232,6.4375,,,,,497.2028,108.9375,,497.2028,31,,497.203,6.25,,497.2232,0.9375,,,,,497.1834,1.484375,,497.1834,0.0625,,497.2232,10.625,,,,,497.2232,11.125,,
497.2231,10,,497.2032,1.8125,,497.2229,0.375,,497.2033,4.5,,497.2231,0,,497.2432,6.4375,,,,,497.2229,109.0,,497.2229,31,,497.2231,7.125,,497.2432,0.875,,,,,497.2032,1.5078125,,497.2032,-0.4375,,497.2432,10.5625,,,,,497.2432,10.25,,
497.2431,10,,497.2233,0.8125,,497.243,0.375,,497.2234,5.1000000000000005,,497.2431,0,,497.2631,7.4375,,,,,497.243,109.0,,497.243,31,,497.2431,8.625,,497.2631,1.0625,,,,,497.2233,1.5546875,,497.2233,-0.375,,497.2631,12.25,,,,,497.2631,10.1875,,
497.263,8,,497.2433,0.25,,497.2628,0.375,,497.2434,6.2,,497.263,0,,497.2833,8.75,,,,,497.2628,109.0,,497.2628,31,,497.263,9.1875,,497.2833,1.0,,,,,497.2433,1.5703125,,497.2433,-0.25,,497.2833,14.375,,,,,497.2833,12.8125,,
497.2832,13,,497.2632,-1.8125,,497.283,0.375,,497.2633,6.6000000000000005,,497.2832,0,,497.3032,9.375,,,,,497.283,108.9375,,497.283,31,,497.2832,10.0625,,497.3032,1.0,,,,,497.2632,1.59765625,,497.2632,0.0,,497.3032,15.4375,,,,,497.3032,14.25,,
497.303,13,,497.2835,-2.3125,,497.3029,0.4375,,497.2835,7.2,,497.303,0,,497.3232,10.0,,,,,497.3029,108.875,,497.3029,31,,497.303,10.0625,,497.3232,1.1875,,,,,497.2835,1.59765625,,497.2835,0.1875,,497.3232,16.5,,,,,497.3232,14.5625,,
497.3231,13,,497.3033,-0.75,,497.323,0.4375,,497.3034,7.2,,497.3231,0,,497.3433,9.875,,,,,497.323,108.9375,,497.323,31,,497.3231,9.5,,497.3433,1.0625,,,,,497.3033,1.578125,,497.3033,0.0625,,497.3433,16.25,,,,,497.3433,14.5625,,
497.3432,16,,497.3233,0.8125,,497.343,0.5,,497.3234,6.800000000000001,,497.3432,0,,497.3632,9.4375,,,,,497.343,108.9375,,497.343,31,,497.3432,9.5,,497.3632,1.25,,,,,497.3233,1.578125,,497.3233,-0.1875,,497.3632,15.5625,,,,,497.3632,14.0,,
497.3631,15,,497.3434,-1.3125,,497.363,0.5,,497.3435,6.800000000000001,,497.3631,0,,497.3834,9.125,,,,,497.363,108.875,,497.363,31,,497.3631,8.25,,497.3834,1.0625,,,,,497.3434,1.54296875,,497.3434,0.1875,,497.3834,15.0625,,,,,497.3834,15.6875,,
497.3833,13,,497.3633,0.8125,,497.3831,0.5625,,497.3634,5.9,,497.3833,0,,497.4032,8.4375,,,,,497.3831,108.9375,,497.3831,31,,497.3833,9.1875,,497.4032,1.25,,,,,497.3633,1.5703125,,497.3633,-0.1875,,497.4032,13.875,,,,,497.4032,12.5,,
497.4031,11,,497.3835,-0.25,,497.403,0.5625,,497.3836,6.6000000000000005,,497.4031,0,,497.4232,9.0625,,,,,497.403,108.9375,,497.403,31,,497.4031,8.9375,,497.4232,1.0,,,,,497.3835,1.5625,,497.3835,0.0,,497.4232,14.9375,,,,,497.4232,14.875,,
497.4231,13,,497.4034,-2.3125,,497.4229,0.5625,,497.4034,6.4,,497.4231,0,,497.4432,8.8125,,,,,497.4229,108.875,,497.4229,31,,497.4231,8.625,,497.4432,1.3125,,,,,497.4034,1.5546875,,497.4034,0.125,,497.4432,14.5,,,,,497.4432,15.125,,
497.4431,13,,497.4234,-0.75,,497.4429,0.5625,,497.4234,6.2,,497.4431,0,,497.4619,8.5625,,,,,497.4429,108.875,,497.4429,31,,497.4431,8.625,,497.4619,1.0,,,,,497.4234,1.5546875,,497.4234,0.125,,497.4619,14.125,,,,,497.4619,14.5625,,
497.4618,13,,497.4433,-0.25,,497.4616,0.5625,,497.4434,6.2,,497.4618,0,,497.4833,8.5625,,,,,497.4616,108.875,,497.4616,31,,497.4618,8.625,,497.4833,1.0625,,,,,497.4433,1.5546875,,497.4433,0.1875,,497.4833,14.125,,,,,497.4833,14.3125,,
497.4832,13,,497.462,-1.25,,497.483,0.5625,,497.462,6.2,,497.4832,0,,497.5031,8.4375,,,,,497.483,108.9375,,497.483,31,,497.4832,7.9375,,497.5031,1.1875,,,,,497.462,1.53515625,,497.462,0.0625,,497.5031,13.875,,,,,497.5031,13.375,,
497.503,13,,497.4834,1.3125,,497.5028,0.5625,,497.4835,5.7,,497.503,0,,497.5231,7.875,,,,,497.5028,109.0,,497.5028,31,,497.503,7.9375,,497.5231,1.0625,,,,,497.4834,1.53515625,,497.4834,-0.25,,497.5231,13.0,,,,,497.5231,12.875,,
497.523,13,,497.5032,-1.25,,497.5229,0.5625,,497.5033,5.7,,497.523,0,,497.5433,7.8125,,,,,497.5229,108.9375,,497.5229,31,,497.523,7.6875,,497.5433,1.0625,,,,,497.5032,1.52734375,,497.5032,0.125,,497.5433,12.875,,,,,497.5433,12.5,,
497.5431,13,,497.5233,0.8125,,497.5429,0.5625,,497.5233,5.5,,497.5431,0,,497.5631,7.875,,,,,497.5429,108.9375,,497.5429,31,,497.5431,8.625,,497.5631,0.9375,,,,,497.5233,1.5546875,,497.5233,-0.25,,497.5631,12.9375,,,,,497.5631,11.375,,
497.563,10,,497.5434,-1.75,,497.5628,0.5625,,497.5435,6.2,,497.563,0,,497.5833,8.375,,,,,497.5628,108.875,,497.5628,31,,497.563,7.6875,,497.5833,1.0,,,,,497.5434,1.52734375,,497.5434,0.1875,,497.5833,13.75,,,,,497.5833,13.6875,,
497.5832,13,,497.5632,0.25,,497.5831,0.5625,,497.5633,5.5,,497.5832,0,,497.6031,7.875,,,,,497.5831,108.9375,,497.5831,31,,497.5832,8.625,,497.6031,1.0625,,,,,497.5632,1.5546875,,497.5632,-0.125,,497.6031,12.9375,,,,,497.6031,12.25,,
497.603,11,,497.5835,-0.75,,497.6029,0.5,,497.5835,6.2,,497.603,0,,497.6231,8.5625,,,,,497.6029,108.9375,,497.6029,31,,497.603,8.625,,497.6231,1.1875,,,,,497.5835,1.5546875,,497.5835,0.125,,497.6231,14.125,,,,,497.6231,11.125,,
497.623,13,,497.6032,-0.25,,497.6228,0.5,,497.6033,6.2,,497.623,0,,497.6418,8.5,,,,,497.6228,108.9375,,497.6228,31,,497.623,8.25,,497.6418,1.0625,,,,,497.6032,1.54296875,,497.6032,-0.0625,,497.6418,13.9375,,,,,497.6418,13.125,,
497.6417,13,,497.6232,0.8125,,497.6416,0.5,,497.6233,5.9,,497.6417,0,,497.6631,8.5625,,,,,497.6416,108.9375,,497.6416,31,,497.6417,8.25,,497.6631,1.125,,,,,497.6232,1.58984375,,497.6232,-0.25,,497.6631,14.125,,,,,497.6631,14.875,,
497.663,14,,497.6419,1.3125,,497.6628,0.5,,497.642,5.9,,497.663,0,,497.6818,9.875,,,,,497.6628,109.0,,497.6628,31,,497.663,10.3125,,497.6818,1.25,,,,,497.6419,1.60546875,,497.6419,-0.4375,,497.6818,16.1875,,,,,497.6818,13.6875,,
497.6817,15,,497.6632,-0.75,,497.6816,0.5,,497.6633,7.4,,497.6817,0,,497.7031,9.9375,,,,,497.6816,108.9375,,497.6816,31,,497.6817,10.3125,,497.7031,1.0,,,,,497.6632,1.5625,,497.6632,-0.0625,,497.7031,16.3125,,,,,497.7031,14.875,,
497.703,16,,497.6819,-2.8125,,497.7029,0.5625,,497.682,7.4,,497.703,0,,497.7231,9.0625,,,,,497.7029,108.9375,,497.7029,31,,497.703,9.5,,497.7231,1.1875,,,,,497.6819,1.578125,,497.6819,0.3125,,497.7231,14.875,,,,,497.7231,13.6875,,
497.723,14,,497.7032,1.3125,,497.7229,0.5625,,497.7033,6.800000000000001,,497.723,0,,497.7433,9.375,,,,,497.7229,108.9375,,497.7229,31,,497.723,9.1875,,497.7433,1.0625,,,,,497.7032,1.5703125,,497.7032,-0.125,,497.7433,15.4375,,,,,497.7433,14.875,,
497.7432,15,,497.7232,2.3125,,497.743,0.5625,,497.7233,6.6000000000000005,,497.7432,0,,497.763,9.25,,,,,497.743,108.9375,,497.743,31,,497.7432,9.5,,497.763,1.125,,,,,497.7232,1.578125,,497.7232,-0.1875,,497.763,15.1875,,,,,497.763,13.9375,,
497.7629,14,,497.7434,1.3125,,497.7628,0.5625,,497.7435,6.800000000000001,,497.7629,0,,497.7832,9.3125,,,,,497.7628,109.0,,497.7628,31,,497.7629,8.9375,,497.7832,1.125,,,,,497.7434,1.5625,,497.7434,-0.3125,,497.7832,15.3125,,,,,497.7832,16.0,,
497.7831,15,,497.7632,-1.25,,497.7829,0.5625,,497.7633,6.4,,497.7831,0,,497.803,9.0625,,,,,497.7829,108.875,,497.7829,31,,497.7831,9.5,,497.803,1.125,,,,,497.7632,1.578125,,497.7632,0.0,,497.803,14.875,,,,,497.803,15.4375,,
497.8029,15,,497.7833,-0.75,,497.8028,0.5625,,497.7834,6.800000000000001,,497.8029,0,,497.823,9.375,,,,,497.8028,108.9375,,497.8028,31,,497.8029,9.1875,,497.823,1.125,,,,,497.7833,1.5703125,,497.7833,0.0625,,497.823,15.4375,,,,,497.823,14.625,,
497.8229,15,,497.8032,1.3125,,497.8228,0.5625,,497.8032,6.6000000000000005,,497.8229,0,,497.8432,9.0625,,,,,497.8228,108.9375,,497.8228,31,,497.8229,8.9375,,497.8432,1.25,,,,,497.8032,1.5625,,497.8032,-0.125,,497.8432,14.9375,,,,,497.8432,14.875,,
497.843,15,,497.8232,1.8125,,497.8428,0.625,,497.8232,6.4,,497.843,0,,497.8618,8.9375,,,,,497.8428,109.0,,497.8428,31,,497.843,9.1875,,497.8618,1.25,,,,,497.8232,1.5703125,,497.8232,-0.375,,497.8618,14.75,,,,,497.8618,15.6875,,
497.8616,13,,497.8433,0.25,,497.8615,0.625,,497.8434,6.6000000000000005,,497.8616,0,,497.8833,9.125,,,,,497.8615,108.9375,,497.8615,31,,497.8616,9.1875,,497.8833,1.1875,,,,,497.8433,1.5703125,,497.8433,-0.25,,497.8833,15.0625,,,,,497.8833,13.6875,,
497.8831,13,,497.8619,-0.25,,497.883,0.625,,497.8619,6.6000000000000005,,497.8831,0,,497.9031,9.25,,,,,497.883,109.0,,497.883,31,,497.8831,9.5,,497.9031,1.0625,,,,,497.8619,1.578125,,497.8619,-0.0625,,497.9031,15.1875,,,,,497.9031,14.25,,
497.9029,13,,497.8834,1.3125,,497.9028,0.625,,497.8835,6.800000000000001,,497.9029,0,,497.923,9.25,,,,,497.9028,109.0,,497.9028,31,,497.9029,8.625,,497.923,1.0625,,,,,497.8834,1.5546875,,497.8834,-0.25,,497.923,15.1875,,,,,497.923,15.125,,
497.9229,14,,497.9032,-0.25,,497.9228,0.625,,497.9033,6.2,,497.9229,0,,497.9432,8.5625,,,,,497.9228,108.875,,497.9228,31,,497.9229,8.625,,497.9432,1.3125,,,,,497.9032,1.5546875,,497.9032,-0.0625,,497.9432,14.125,,,,,497.9432,14.5625,,
497.9431,15,,497.9232,-1.3125,,497.943,0.625,,497.9232,6.2,,497.9431,0,,497.9617,8.6875,,,,,497.943,108.9375,,497.943,31,,497.9431,8.9375,,497.9617,1.1875,,,,,497.9232,1.5625,,497.9232,0.125,,497.9617,14.25,,,,,497.9617,14.5625,,
497.9616,14,,497.9434,1.8125,,497.9615,0.5625,,497.9434,6.4,,497.9616,0,,497.9832,8.875,,,,,497.9615,108.875,,497.9615,31,,497.9616,8.9375,,497.9832,1.0,,,,,497.9434,1.5703125,,497.9434,-0.0625,,497.9832,14.625,,,,,497.9832,12.875,,
497.9831,12,,497.9619,-1.3125,,497.983,0.5625,,497.9619,6.4,,497.9831,0,,498.003,9.0625,,,,,497.983,108.9375,,497.983,31,,497.9831,8.9375,,498.003,1.1875,,,,,497.9619,1.5625,,497.9619,0.1875,,498.003,14.9375,,,,,498.003,13.0625,,
498.0029,13,,497.9833,0.8125,,498.0027,0.5625,,497.9834,6.4,,498.0029,0,,498.0231,9.125,,,,,498.0027,108.9375,,498.0027,31,,498.0029,9.75,,498.0231,1.125,,,,,497.9833,1.58984375,,497.9833,-0.1875,,498.0231,14.9375,,,,,498.0231,13.6875,,
498.023,13,,498.0031,-1.75,,498.0228,0.5625,,498.0032,7.0,,498.023,0,,498.0432,9.8125,,,,,498.0228,108.9375,,498.0228,31,,498.023,10.0625,,498.0432,1.25,,,,,498.0031,1.59765625,,498.0031,0.3125,,498.0432,16.125,,,,,498.0432,13.375,,
498.0431,13,,498.0232,1.3125,,498.043,0.5625,,498.0233,7.2,,498.0431,0,,498.0631,10.3125,,,,,498.043,108.9375,,498.043,31,,498.0431,11.3125,,498.0631,1.1875,,,,,498.0232,1.6328125,,498.0232,-0.125,,498.0631,17.0,,,,,498.0631,15.125,,
498.063,15,,498.0433,-1.25,,498.0628,0.625,,498.0434,8.1,,498.063,0,,498.0832,11.1875,,,,,498.0628,108.9375,,498.0628,31,,498.063,11.0,,498.0832,1.1875,,,,,498.0433,1.625,,498.0433,0.25,,498.0832,18.4375,,,,,498.0832,17.1875,,
498.0831,16,,498.0632,-2.3125,,498.083,0.625,,498.0633,7.9,,498.0831,0,,498.1031,10.4375,,,,,498.083,108.875,,498.083,31,,498.0831,8.9375,,498.1031,1.0,,,,,498.0632,1.5625,,498.0632,0.25,,498.1031,17.1875,,,,,498.1031,18.375,,
498.103,17,,498.0834,-0.75,,498.1028,0.625,,498.0834,6.4,,498.103,0,,498.1231,8.9375,,,,,498.1028,108.875,,498.1028,31,,498.103,9.1875,,498.1231,0.875,,,,,498.0834,1.5703125,,498.0834,0.1875,,498.1231,14.75,,,,,498.1231,16.875,,
498.1229,15,,498.1032,1.3125,,498.1227,0.625,,498.1033,6.6000000000000005,,498.1229,0,,498.1417,9.3125,,,,,498.1227,108.9375,,498.1227,31,,498.1229,9.75,,498.1417,1.125,,,,,498.1032,1.58984375,,498.1032,0.0,,498.1417,15.25,,,,,498.1417,14.25,,
498.1416,15,,498.1232,-0.25,,498.1415,0.625,,498.1233,7.0,,498.1416,0,,498.1632,9.6875,,,,,498.1415,108.875,,498.1415,31,,498.1416,9.75,,498.1632,1.0,,,,,498.1232,1.60546875,,498.1232,0.0625,,498.1632,15.9375,,,,,498.1632,15.75,,
498.163,15,,498.1419,-1.8125,,498.1629,0.625,,498.1419,7.0,,498.163,0,,498.1832,10.25,,,,,498.1629,108.875,,498.1629,31,,498.163,10.3125,,498.1832,1.125,,,,,498.1419,1.60546875,,498.1419,0.375,,498.1832,16.875,,,,,498.1832,15.6875,,
498.1831,15,,498.1633,0.8125,,498.183,0.625,,498.1634,7.4,,498.1831,0,,498.2031,10.4375,,,,,498.183,108.9375,,498.183,31,,498.1831,11.0,,498.2031,1.125,,,,,498.1633,1.625,,498.1633,-0.125,,498.2031,17.1875,,,,,498.2031,16.0625,,
498.203,16,,498.1834,-1.3125,,498.2029,0.625,,498.1834,7.9,,498.203,0,,498.223,10.5625,,,,,498.2029,108.9375,,498.2029,31,,498.203,9.5,,498.223,1.25,,,,,498.1834,1.578125,,498.1834,0.25,,498.223,17.4375,,,,,498.223,16.0625,,
498.2229,16,,498.2033,1.3125,,498.2227,0.6875,,498.2033,6.800000000000001,,498.2229,0,,498.2417,9.375,,,,,498.2227,108.9375,,498.2227,31,,498.2229,9.1875,,498.2417,1.0,,,,,498.2033,1.5703125,,498.2033,-0.0625,,498.2417,15.4375,,,,,498.2417,16.5625,,
498.2416,15,,498.2232,1.3125,,498.2415,0.6875,,498.2232,6.6000000000000005,,498.2416,0,,498.2631,9.125,,,,,498.2415,108.9375,,498.2415,31,,498.2416,9.1875,,498.2631,1.25,,,,,498.2232,1.640625,,498.2232,-0.25,,498.2631,15.0625,,,,,498.2631,13.6875,,
498.263,15,,498.2418,-1.75,,498.2629,0.6875,,498.2419,6.6000000000000005,,498.263,0,,498.2832,11.4375,,,,,498.2629,108.9375,,498.2629,31,,498.263,11.3125,,498.2832,1.0625,,,,,498.2418,1.6328125,,498.2418,0.125,,498.2832,18.875,,,,,498.2832,17.1875,,
498.2831,15,,498.2633,-2.8125,,498.2829,0.6875,,498.2633,8.1,,498.2831,0,,498.3031,11.4375,,,,,498.2829,108.9375,,498.2829,31,,498.2831,11.875,,498.3031,1.125,,,,,498.2633,1.6484375,,498.2633,0.375,,498.3031,18.75,,,,,498.3031,18.0625,,
498.303,18,,498.2833,1.3125,,498.3029,0.6875,,498.2834,8.5,,498.303,0,,498.3231,11.625,,,,,498.3029,108.9375,,498.3029,31,,498.303,11.0,,498.3231,1.1875,,,,,498.2833,1.625,,498.2833,-0.1875,,498.3231,19.125,,,,,498.3231,18.3125,,
498.323,18,,498.3032,1.8125,,498.3229,0.6875,,498.3033,7.9,,498.323,0,,498.3433,10.75,,,,,498.3229,108.9375,,498.3229,31,,498.323,10.0625,,498.3433,1.25,,,,,498.3032,1.59765625,,498.3032,-0.375,,498.3433,17.625,,,,,498.3433,16.875,,
498.3432,17,,498.3233,-1.8125,,498.343,0.75,,498.3233,7.2,,498.3432,0,,498.3631,10.0625,,,,,498.343,108.875,,498.343,31,,498.3432,10.3125,,498.3631,1.0,,,,,498.3233,1.60546875,,498.3233,0.0625,,498.3631,16.625,,,,,498.3631,17.4375,,
498.363,15,,498.3434,0.8125,,498.3629,0.75,,498.3435,7.4,,498.363,0,,498.3832,10.4375,,,,,498.3629,108.9375,,498.3629,31,,498.363,11.0,,498.3832,1.3125,,,,,498.3434,1.625,,498.3434,-0.3125,,498.3832,17.1875,,,,,498.3832,15.125,,
498.383,16,,498.3632,-1.25,,498.3829,0.75,,498.3633,7.9,,498.383,0,,498.4031,11.1875,,,,,498.3829,108.9375,,498.3829,31,,498.383,11.875,,498.4031,1.25,,,,,498.3632,1.6484375,,498.3632,0.0625,,498.4031,18.375,,,,,498.4031,16.625,,
498.403,17,,498.3833,0.8125,,498.4028,0.75,,498.3833,8.5,,498.403,0,,498.4231,12.0,,,,,498.4028,108.9375,,498.4028,31,,498.403,12.4375,,498.4231,1.0625,,,,,498.3833,1.66796875,,498.3833,-0.25,,498.4231,19.6875,,,,,498.4231,19.1875,,
498.423,18,,498.4032,0.25,,498.4228,0.75,,498.4033,8.9,,498.423,0,,498.4433,12.25,,,,,498.4228,108.9375,,498.4228,31,,498.423,11.875,,498.4433,1.1875,,,,,498.4032,1.6484375,,498.4032,-0.3125,,498.4433,20.125,,,,,498.4433,19.5625,,
498.4432,18,,498.4232,-0.25,,498.4429,0.75,,498.4233,8.5,,498.4432,0,,498.4631,11.625,,,,,498.4429,108.9375,,498.4429,31,,498.4432,11.0,,498.4631,1.1875,,,,,498.4232,1.625,,498.4232,-0.125,,498.4631,19.125,,,,,498.4631,19.1875,,
498.4629,18,,498.4434,2.3125,,498.4628,0.75,,498.4435,7.9,,498.4629,0,,498.4817,10.8125,,,,,498.4628,108.9375,,498.4628,31,,498.4629,10.3125,,498.4817,1.375,,,,,498.4434,1.60546875,,498.4434,-0.4375,,498.4817,17.75,,,,,498.4817,16.25,,
498.4816,19,,498.4632,-1.3125,,498.4814,0.8125,,498.4633,7.4,,498.4816,0,,498.503,10.25,,,,,498.4814,108.875,,498.4814,31,,498.4816,10.3125,,498.503,1.0,,,,,498.4632,1.640625,,498.4632,-0.125,,498.503,16.875,,,,,498.503,17.75,,
498.5029,17,,498.4818,-2.3125,,498.5028,0.75,,498.4819,7.4,,498.5029,0,,498.5231,11.375,,,,,498.5028,108.875,,498.5028,31,,498.5029,11.0,,498.5231,1.0,,,,,498.4818,1.625,,498.4818,0.1875,,498.5231,18.6875,,,,,498.5231,18.625,,
498.5229,17,,498.5032,-0.75,,498.5228,0.75,,498.5032,7.9,,498.5229,0,,498.5416,10.625,,,,,498.5228,108.875,,498.5228,31,,498.5229,9.75,,498.5416,1.1875,,,,,498.5032,1.58984375,,498.5032,0.0625,,498.5416,17.5,,,,,498.5416,17.4375,,
498.5415,17,,498.5232,0.8125,,498.5414,0.75,,498.5233,7.0,,498.5415,0,,498.5631,9.6875,,,,,498.5414,108.9375,,498.5414,31,,498.5415,9.75,,498.5631,1.125,,,,,498.5232,1.58984375,,498.5232,0.0,,498.5631,15.9375,,,,,498.5631,16.0625,,
498.5629,16,,498.5418,-1.25,,498.5628,0.75,,498.5418,7.0,,498.5629,0,,498.5831,9.875,,,,,498.5628,108.9375,,498.5628,31,,498.5629,10.3125,,498.5831,1.0625,,,,,498.5418,1.60546875,,498.5418,0.125,,498.5831,16.1875,,,,,498.5831,16.0625,,
498.5829,14,,498.5632,1.3125,,498.5828,0.75,,498.5632,7.4,,498.5829,0,,498.603,10.25,,,,,498.5828,108.9375,,498.5828,31,,498.5829,10.3125,,498.603,0.9375,,,,,498.5632,1.60546875,,498.5632,-0.125,,498.603,16.875,,,,,498.603,17.4375,,
498.6029,15,,498.5832,1.3125,,498.6028,0.75,,498.5832,7.4,,498.6029,0,,498.6228,10.375,,,,,498.6028,109.0,,498.6028,31,,498.6029,10.625,,498.6228,1.125,,,,,498.5832,1.61328125,,498.5832,-0.3125,,498.6228,17.0,,,,,498.6228,16.3125,,
498.6227,16,,498.6032,-1.25,,498.6226,0.75,,498.6032,7.6000000000000005,,498.6227,0,,498.6432,10.5625,,,,,498.6226,108.9375,,498.6226,31,,498.6227,10.625,,498.6432,1.0,,,,,498.6032,1.61328125,,498.6032,0.0625,,498.6432,17.4375,,,,,498.6432,17.4375,,
498.6431,16,,498.623,0.8125,,498.6428,0.75,,498.623,7.6000000000000005,,498.6431,0,,498.663,10.5,,,,,498.6428,108.9375,,498.6428,31,,498.6431,10.3125,,498.663,0.9375,,,,,498.623,1.60546875,,498.623,-0.3125,,498.663,17.25,,,,,498.663,18.0625,,
498.6629,16,,498.6433,-0.25,,498.6628,0.75,,498.6434,7.4,,498.6629,0,,498.6832,10.1875,,,,,498.6628,108.9375,,498.6628,31,,498.6629,10.0625,,498.6832,1.25,,,,,498.6433,1.59765625,,498.6433,-0.0625,,498.6832,16.8125,,,,,498.6832,15.75,,
498.6831,15,,498.6631,-0.25,,498.6828,0.75,,498.6632,7.2,,498.6831,0,,498.7017,9.8125,,,,,498.6828,109.0,,498.6828,31,,498.6831,9.1875,,498.7017,1.0625,,,,,498.6631,1.5703125,,498.6631,0.0,,498.7017,16.125,,,,,498.7017,16.625,,
498.7015,16,,498.6833,1.8125,,498.7013,0.6875,,498.6834,6.6000000000000005,,498.7015,0,,498.7231,9.125,,,,,498.7013,109.0,,498.7013,31,,498.7015,9.1875,,498.7231,0.6875,,,,,498.6833,1.58984375,,498.6833,-0.375,,498.7231,15.0625,,,,,498.7231,17.75,,
498.7229,15,,498.7018,1.3125,,498.7228,0.6875,,498.7018,6.6000000000000005,,498.7229,0,,498.7433,10.1875,,,,,498.7228,109.0,,498.7228,31,,498.7229,11.5625,,498.7433,1.0625,,,,,498.7018,1.640625,,498.7018,-0.375,,498.7433,16.6875,,,,,498.7433,15.6875,,
498.7432,13,,498.7232,-0.75,,498.743,0.6875,,498.7233,8.3,,498.7432,0,,498.7632,11.625,,,,,498.743,109.0,,498.743,31,,498.7432,11.875,,498.7632,1.3125,,,,,498.7232,1.6484375,,498.7232,-0.125,,498.7632,19.0625,,,,,498.7632,16.3125,,
498.763,17,,498.7434,-0.25,,498.7628,0.6875,,498.7435,8.5,,498.763,0,,498.7833,11.6875,,,,,498.7628,109.0,,498.7628,31,,498.763,11.3125,,498.7833,1.1875,,,,,498.7434,1.6328125,,498.7434,-0.0625,,498.7833,19.25,,,,,498.7833,17.125,,
498.7832,16,,498.7633,0.8125,,498.783,0.6875,,498.7633,8.1,,498.7832,0,,498.8031,11.3125,,,,,498.783,109.0,,498.783,31,,498.7832,11.5625,,498.8031,1.3125,,,,,498.7633,1.640625,,498.7633,-0.3125,,498.8031,18.625,,,,,498.8031,17.1875,,
498.803,17,,498.7834,-1.75,,498.8028,0.75,,498.7835,8.3,,498.803,0,,498.8231,11.6875,,,,,498.8028,108.875,,498.8028,31,,498.803,12.25,,498.8231,1.125,,,,,498.7834,1.66015625,,498.7834,0.0,,498.8231,19.25,,,,,498.8231,18.625,,
498.823,20,,498.8033,1.3125,,498.8228,0.75,,498.8033,8.8,,498.823,0,,498.8433,12.5,,,,,498.8228,109.0,,498.8228,31,,498.823,13.375,,498.8433,1.3125,,,,,498.8033,1.6953125,,498.8033,-0.375,,498.8433,20.5625,,,,,498.8433,19.8125,,
498.8432,18,,498.8233,-0.25,,498.843,0.75,,498.8233,9.600000000000001,,498.8432,0,,498.8631,13.25,,,,,498.843,108.9375,,498.843,31,,498.8432,13.0,,498.8631,1.3125,,,,,498.8233,1.68359375,,498.8233,0.0,,498.8631,21.75,,,,,498.8631,20.125,,
498.863,20,,498.8434,-1.3125,,498.8628,0.8125,,498.8435,9.3,,498.863,0,,498.8835,12.5625,,,,,498.8628,108.9375,,498.8628,31,,498.863,11.3125,,498.8835,1.25,,,,,498.8434,1.6328125,,498.8434,0.0625,,498.8835,20.625,,,,,498.8835,20.6875,,
498.8833,20,,498.8633,1.3125,,498.8832,0.8125,,498.8633,8.1,,498.8833,0,,498.9032,11.0,,,,,498.8832,108.875,,498.8832,31,,498.8833,10.3125,,498.9032,1.125,,,,,498.8633,1.60546875,,498.8633,-0.3125,,498.9032,18.125,,,,,498.9032,18.9375,,
498.9031,19,,498.8836,0.25,,498.903,0.8125,,498.8836,7.4,,498.9031,0,,498.9232,10.5,,,,,498.903,108.9375,,498.903,31,,498.9031,11.3125,,498.9232,1.0625,,,,,498.8836,1.6328125,,498.8836,-0.25,,498.9232,17.3125,,,,,498.9232,17.75,,
498.9231,16,,498.9033,0.25,,498.923,0.8125,,498.9034,8.1,,498.9231,0,,498.9434,11.1875,,,,,498.923,108.8125,,498.923,31,,498.9231,11.0,,498.9434,0.9375,,,,,498.9033,1.625,,498.9033,-0.25,,498.9434,18.4375,,,,,498.9434,19.1875,,
498.9433,16,,498.9234,-1.8125,,498.9432,0.8125,,498.9234,7.9,,498.9433,0,,498.9632,10.75,,,,,498.9432,108.9375,,498.9432,31,,498.9433,10.0625,,498.9632,1.125,,,,,498.9234,1.59765625,,498.9234,0.1875,,498.9632,17.625,,,,,498.9632,17.5,,
498.9631,16,,498.9435,-0.25,,498.963,0.8125,,498.9436,7.2,,498.9631,0,,498.9834,9.875,,,,,498.963,108.875,,498.963,31,,498.9631,9.5,,498.9834,1.125,,,,,498.9435,1.578125,,498.9435,0.0625,,498.9834,16.25,,,,,498.9834,15.4375,,
498.9833,18,,498.9634,1.8125,,498.9832,0.8125,,498.9634,6.800000000000001,,498.9833,0,,499.0032,9.5,,,,,498.9832,108.9375,,498.9832,31,,498.9833,9.75,,499.0032,1.0,,,,,498.9634,1.58984375,,498.9634,-0.1875,,499.0032,15.6875,,,,,499.0032,17.1875,,
499.0031,14,,498.9835,0.25,,499.003,0.75,,498.9836,7.0,,499.0031,0,,499.0232,10.0,,,,,499.003,108.875,,499.003,31,,499.0031,11.0,,499.0232,1.0,,,,,498.9835,1.625,,498.9835,-0.1875,,499.0232,16.5,,,,,499.0232,15.6875,,
499.0231,15,,499.0033,-0.75,,499.0229,0.75,,499.0034,7.9,,499.0231,0,,499.0434,10.875,,,,,499.0229,108.9375,,499.0229,31,,499.0231,10.625,,499.0434,1.0,,,,,499.0033,1.61328125,,499.0033,0.0,,499.0434,17.875,,,,,499.0434,18.625,,
499.0433,16,,499.0233,-0.25,,499.0432,0.75,,499.0234,7.6000000000000005,,499.0433,0,,499.0632,10.8125,,,,,499.0432,108.875,,499.0432,31,,499.0433,11.5625,,499.0632,1.125,,,,,499.0233,1.640625,,499.0233,-0.0625,,499.0632,17.8125,,,,,499.0632,16.875,,
499.0631,16,,499.0435,-0.25,,499.0629,0.75,,499.0436,8.3,,499.0631,0,,499.0833,11.375,,,,,499.0629,108.9375,,499.0629,31,,499.0631,11.0,,499.0833,1.1875,,,,,499.0435,1.625,,499.0435,0.0,,499.0833,18.6875,,,,,499.0833,17.4375,,
499.0832,17,,499.0633,0.8125,,499.083,0.75,,499.0634,7.9,,499.0832,0,,499.1032,10.9375,,,,,499.083,108.9375,,499.083,31,,499.0832,11.0,,499.1032,1.0625,,,,,499.0633,1.625,,499.0633,-0.25,,499.1032,18.0,,,,,499.1032,18.0625,,
499.103,17,,499.0834,-1.25,,499.1029,0.75,,499.0835,7.9,,499.103,0,,499.1231,11.0625,,,,,499.1029,108.875,,499.1029,31,,499.103,11.3125,,499.1231,1.0625,,,,,499.0834,1.6328125,,499.0834,0.125,,499.1231,18.125,,,,,499.1231,17.75,,
499.1229,17,,499.1033,0.8125,,499.1227,0.75,,499.1034,8.1,,499.1229,0,,499.1434,11.25,,,,,499.1227,108.9375,,499.1227,31,,499.1229,11.3125,,499.1434,1.375,,,,,499.1033,1.6328125,,499.1033,-0.25,,499.1434,18.5625,,,,,499.1434,16.3125,,
499.1433,17,,499.1232,-1.8125,,499.1431,0.75,,499.1233,8.1,,499.1433,0,,499.1631,11.0,,,,,499.1431,108.875,,499.1431,31,,499.1433,10.3125,,499.1631,1.1875,,,,,499.1232,1.60546875,,499.1232,0.1875,,499.1631,18.125,,,,,499.1631,18.0625,,
499.163,18,,499.1435,-0.25,,499.1629,0.75,,499.1436,7.4,,499.163,0,,499.1834,10.25,,,,,499.1629,108.9375,,499.1629,31,,499.163,10.3125,,499.1834,0.9375,,,,,499.1435,1.60546875,,499.1435,0.25,,499.1834,16.875,,,,,499.1834,18.375,,
499.1832,17,,499.1633,-1.25,,499.1831,0.75,,499.1633,7.4,,499.1832,0,,499.203,10.4375,,,,,499.1831,108.9375,,499.1831,31,,499.1832,11.0,,499.203,1.0,,,,,499.1633,1.625,,499.1633,0.25,,499.203,17.1875,,,,,499.203,17.75,,
499.2029,16,,499.1835,1.3125,,499.2027,0.75,,499.1835,7.9,,499.2029,0,,499.2231,10.9375,,,,,499.2027,109.0,,499.2027,31,,499.2029,11.0,,499.2231,1.125,,,,,499.1835,1.625,,499.1835,-0.375,,499.2231,18.0,,,,,499.2231,17.1875,,
499.223,16,,499.2032,-0.25,,499.2229,0.75,,499.2032,7.9,,499.223,0,,499.2433,11.25,,,,,499.2229,108.9375,,499.2229,31,,499.223,12.25,,499.2433,1.3125,,,,,499.2032,1.66015625,,499.2032,-0.25,,499.2433,18.5625,,,,,499.2433,15.6875,,
499.2432,17,,499.2233,-0.75,,499.2431,0.75,,499.2233,8.8,,499.2432,0,,499.2631,12.0625,,,,,499.2431,109.0625,,499.2431,31,,499.2432,11.5625,,499.2631,0.9375,,,,,499.2233,1.640625,,499.2233,-0.0625,,499.2631,19.8125,,,,,499.2631,19.5,,
499.263,19,,499.2435,-1.3125,,499.2629,0.75,,499.2435,8.3,,499.263,0,,499.2833,11.4375,,,,,499.2629,109.0,,499.2629,31,,499.263,11.3125,,499.2833,1.0625,,,,,499.2435,1.6328125,,499.2435,-0.125,,499.2833,18.875,,,,,499.2833,19.25,,
499.2832,16,,499.2633,-0.75,,499.2831,0.75,,499.2633,8.1,,499.2832,0,,499.3031,11.0,,,,,499.2831,109.0,,499.2831,31,,499.2832,10.3125,,499.3031,0.875,,,,,499.2633,1.60546875,,499.2633,-0.125,,499.3031,18.125,,,,,499.3031,20.125,,
499.303,17,,499.2835,1.8125,,499.3029,0.75,,499.2835,7.4,,499.303,0,,499.3231,10.4375,,,,,499.3029,108.9375,,499.3029,31,,499.303,11.0,,499.3231,1.0,,,,,499.2835,1.625,,499.2835,-0.3125,,499.3231,17.1875,,,,,499.3231,18.0625,,
499.323,16,,499.3032,0.8125,,499.3229,0.75,,499.3033,7.9,,499.323,0,,499.3433,11.25,,,,,499.3229,109.0,,499.3229,31,,499.323,12.25,,499.3433,1.1875,,,,,499.3032,1.66015625,,499.3032,-0.5,,499.3433,18.5625,,,,,499.3433,16.875,,
499.3432,16,,499.3232,-0.25,,499.3431,0.75,,499.3233,8.8,,499.3432,0,,499.3631,12.0,,,,,499.3431,109.0,,499.3431,31,,499.3432,11.3125,,499.3631,1.125,,,,,499.3232,1.6328125,,499.3232,-0.1875,,499.3631,19.6875,,,,,499.3631,18.9375,,
499.363,17,,499.3434,-0.25,,499.3628,0.75,,499.3435,8.1,,499.363,0,,499.3833,11.125,,,,,499.3628,108.9375,,499.3628,31,,499.363,10.625,,499.3833,1.0625,,,,,499.3434,1.61328125,,499.3434,-0.125,,499.3833,18.25,,,,,499.3833,18.0625,,
499.3832,18,,499.3632,2.3125,,499.3831,0.8125,,499.3633,7.6000000000000005,,499.3832,0,,499.4031,10.875,,,,,499.3831,109.0625,,499.3831,31,,499.3832,11.875,,499.4031,1.1875,,,,,499.3632,1.6484375,,499.3632,-0.3125,,499.4031,17.9375,,,,,499.4031,16.875,,
499.403,17,,499.3834,-1.25,,499.4028,0.75,,499.3835,8.5,,499.403,0,,499.4231,12.125,,,,,499.4028,108.9375,,499.4028,31,,499.403,13.0,,499.4231,1.0625,,,,,499.3834,1.68359375,,499.3834,-0.0625,,499.4231,19.9375,,,,,499.4231,18.625,,
499.423,18,,499.4032,-0.75,,499.4229,0.75,,499.4033,9.3,,499.423,0,,499.4417,12.75,,,,,499.4229,108.875,,499.4229,31,,499.423,12.25,,499.4417,0.9375,,,,,499.4032,1.66015625,,499.4032,0.1875,,499.4417,21.0,,,,,499.4417,20.6875,,
499.4416,19,,499.4232,-1.3125,,499.4414,0.8125,,499.4233,8.8,,499.4416,0,,499.4617,12.1875,,,,,499.4414,108.9375,,499.4414,31,,499.4416,12.25,,499.4617,1.3125,,,,,499.4232,1.6484375,,499.4232,0.1875,,499.4617,20.0625,,,,,499.4617,19.1875,,
499.4616,19,,499.4418,2.3125,,499.4614,0.8125,,499.4419,8.8,,499.4616,0,,499.4833,11.8125,,,,,499.4614,108.9375,,499.4614,31,,499.4616,11.875,,499.4833,1.0625,,,,,499.4418,1.61328125,,499.4418,-0.3125,,499.4833,19.4375,,,,,499.4833,20.125,,
499.4832,18,,499.4618,-1.3125,,499.4831,0.8125,,499.4619,8.5,,499.4832,0,,499.5032,10.5625,,,,,499.4831,108.9375,,499.4831,31,,499.4832,11.3125,,499.5032,0.9375,,,,,499.4618,1.6328125,,499.4618,0.1875,,499.5032,17.4375,,,,,499.5032,19.5,,
499.503,17,,499.4835,1.3125,,499.5028,0.8125,,499.4835,8.1,,499.503,0,,499.5233,11.25,,,,,499.5028,108.9375,,499.5028,31,,499.503,11.875,,499.5233,1.1875,,,,,499.4835,1.6484375,,499.4835,-0.1875,,499.5233,18.5625,,,,,499.5233,17.4375,,
499.5231,17,,499.5033,1.3125,,499.523,0.8125,,499.5034,8.5,,499.5231,0,,499.5433,11.8125,,,,,499.523,108.9375,,499.523,31,,499.5231,12.4375,,499.5433,1.1875,,,,,499.5033,1.66796875,,499.5033,-0.3125,,499.5433,19.4375,,,,,499.5433,18.625,,
499.5432,18,,499.5234,-1.25,,499.543,0.8125,,499.5235,8.9,,499.5432,0,,499.5631,12.375,,,,,499.543,108.9375,,499.543,31,,499.5432,11.5625,,499.5631,1.1875,,,,,499.5234,1.640625,,499.5234,0.0625,,499.5631,20.375,,,,,499.5631,19.5,,
499.563,18,,499.5434,1.8125,,499.5628,0.8125,,499.5435,8.3,,499.563,0,,499.5833,11.5,,,,,499.5628,108.9375,,499.5628,31,,499.563,11.3125,,499.5833,1.0625,,,,,499.5434,1.6328125,,499.5434,-0.25,,499.5833,18.9375,,,,,499.5833,19.8125,,
499.5832,20,,499.5633,-1.8125,,499.583,0.8125,,499.5633,8.1,,499.5832,0,,499.6017,11.25,,,,,499.583,108.875,,499.583,31,,499.5832,12.4375,,499.6017,1.0625,,,,,499.5633,1.66796875,,499.5633,0.125,,499.6017,18.5625,,,,,499.6017,19.1875,,
499.6016,17,,499.5834,-1.3125,,499.6015,0.8125,,499.5835,8.9,,499.6016,0,,499.6217,12.375,,,,,499.6015,108.9375,,499.6015,31,,499.6016,12.4375,,499.6217,1.125,,,,,499.5834,1.66796875,,499.5834,0.0625,,499.6217,20.375,,,,,499.6217,19.5,,
499.6216,18,,499.6019,-1.3125,,499.6215,0.8125,,499.6019,8.9,,499.6216,0,,499.6433,12.375,,,,,499.6215,108.875,,499.6215,31,,499.6216,12.4375,,499.6433,1.25,,,,,499.6019,1.6484375,,499.6019,0.1875,,499.6433,20.375,,,,,499.6433,19.1875,,
499.6432,18,,499.6219,1.3125,,499.643,0.8125,,499.6219,8.9,,499.6432,0,,499.6633,11.8125,,,,,499.643,108.875,,499.643,31,,499.6432,11.875,,499.6633,1.125,,,,,499.6219,1.6484375,,499.6219,-0.1875,,499.6633,19.4375,,,,,499.6633,20.0625,,
499.6632,18,,499.6434,-0.25,,499.663,0.875,,499.6435,8.5,,499.6632,0,,499.6833,11.8125,,,,,499.663,108.9375,,499.663,31,,499.6632,12.4375,,499.6833,1.0625,,,,,499.6434,1.66796875,,499.6434,-0.125,,499.6833,19.4375,,,,,499.6833,20.0625,,
499.6832,19,,499.6634,-0.75,,499.683,0.875,,499.6635,8.9,,499.6832,0,,499.7033,12.375,,,,,499.683,108.875,,499.683,31,,499.6832,12.4375,,499.7033,1.3125,,,,,499.6634,1.66796875,,499.6634,0.0625,,499.7033,20.375,,,,,499.7033,18.625,,
499.7031,18,,499.6835,0.25,,499.703,0.875,,499.6835,8.9,,499.7031,0,,499.7219,12.375,,,,,499.703,108.9375,,499.703,31,,499.7031,11.875,,499.7219,1.3125,,,,,499.6835,1.6484375,,499.6835,-0.125,,499.7219,20.375,,,,,499.7219,18.875,,
499.7217,20,,499.7034,0.8125,,499.7215,0.875,,499.7035,8.5,,499.7217,0,,499.7419,11.8125,,,,,499.7215,108.875,,499.7215,31,,499.7217,11.875,,499.7419,1.25,,,,,499.7034,1.66015625,,499.7034,-0.1875,,499.7419,19.4375,,,,,499.7419,20.0625,,
499.7417,21,,499.722,-1.8125,,499.7415,0.875,,499.722,8.5,,499.7417,0,,499.7632,12.1875,,,,,499.7415,108.9375,,499.7415,31,,499.7417,12.25,,499.7632,1.3125,,,,,499.722,1.67578125,,499.722,0.0625,,499.7632,20.0625,,,,,499.7632,18.625,,
499.7631,20,,499.742,-0.75,,499.763,0.875,,499.742,8.8,,499.7631,0,,499.7834,12.625,,,,,499.763,108.9375,,499.763,31,,499.7631,12.25,,499.7834,1.4375,,,,,499.742,1.66015625,,499.742,0.0625,,499.7834,20.8125,,,,,499.7834,18.3125,,
499.7833,20,,499.7633,1.3125,,499.7832,0.875,,499.7634,8.8,,499.7833,0,,499.8032,12.1875,,,,,499.7832,108.875,,499.7832,31,,499.7833,11.875,,499.8032,1.25,,,,,499.7633,1.6484375,,499.7633,-0.125,,499.8032,20.0625,,,,,499.8032,19.5,,
499.803,20,,499.7835,-0.25,,499.8029,0.875,,499.7836,8.5,,499.803,0,,499.8233,11.8125,,,,,499.8029,108.9375,,499.8029,31,,499.803,11.875,,499.8233,1.3125,,,,,499.7835,1.6484375,,499.7835,0.0,,499.8233,19.4375,,,,,499.8233,18.3125,,
499.8232,20,,499.8033,1.8125,,499.823,0.875,,499.8034,8.5,,499.8232,0,,499.8418,11.8125,,,,,499.823,108.9375,,499.823,31,,499.8232,12.25,,499.8418,1.25,,,,,499.8033,1.66015625,,499.8033,-0.1875,,499.8418,19.4375,,,,,499.8418,18.625,,
499.8417,19,,499.8234,-1.8125,,499.8415,0.875,,499.8235,8.8,,499.8417,0,,499.8618,12.1875,,,,,499.8415,108.9375,,499.8415,31,,499.8417,12.25,,499.8618,1.375,,,,,499.8234,1.6953125,,499.8234,0.1875,,499.8618,20.0625,,,,,499.8618,18.0625,,
499.8617,19,,499.8419,0.8125,,499.8615,0.875,,499.842,8.8,,499.8617,0,,499.8818,13.3125,,,,,499.8615,108.9375,,499.8615,31,,499.8617,13.375,,499.8818,1.3125,,,,,499.8419,1.6953125,,499.8419,-0.1875,,499.8818,21.9375,,,,,499.8818,20.375,,
499.8817,19,,499.8619,-1.25,,499.8815,0.875,,499.862,9.600000000000001,,499.8817,0,,499.9018,13.3125,,,,,499.8815,108.9375,,499.8815,31,,499.8817,13.375,,499.9018,1.1875,,,,,499.8619,1.7109375,,499.8619,0.0,,499.9018,21.9375,,,,,499.9018,21.0,,
499.9017,20,,499.8819,-1.3125,,499.9015,0.875,,499.882,9.600000000000001,,499.9017,0,,499.9218,13.875,,,,,499.9015,108.875,,499.9015,31,,499.9017,13.9375,,499.9218,1.125,,,,,499.8819,1.73046875,,499.8819,0.125,,499.9218,22.875,,,,,499.9218,22.375,,
499.9217,20,,499.9019,1.8125,,499.9215,0.9375,,499.902,10.0,,499.9217,0,,499.9434,14.5625,,,,,499.9215,108.9375,,499.9215,31,,499.9217,14.625,,499.9434,1.3125,,,,,499.9019,1.7109375,,499.9019,-0.3125,,499.9434,24.0,,,,,499.9434,22.4375,,
499.9433,23,,499.9219,-1.8125,,499.9432,0.9375,,499.922,10.5,,499.9433,0,,499.9633,13.875,,,,,499.9432,108.875,,499.9432,31,,499.9433,13.0,,499.9633,1.4375,,,,,499.9219,1.68359375,,499.9219,0.125,,499.9633,22.875,,,,,499.9633,23.625,,
499.9631,21,,499.9435,1.3125,,499.9629,1.0,,499.9436,9.3,,499.9631,0,,499.9818,12.9375,,,,,499.9629,108.9375,,499.9629,31,,499.9631,13.9375,,499.9818,1.375,,,,,499.9435,1.7109375,,499.9435,-0.1875,,499.9818,21.3125,,,,,499.9818,20.9375,,
499.9817,21,,499.9634,2.3125,,499.9814,1.0,,499.9635,10.0,,499.9817,0,,500.0018,13.875,,,,,499.9814,108.875,,499.9814,31,,499.9817,13.9375,,500.0018,1.25,,,,,499.9634,1.68359375,,499.9634,-0.25,,500.0018,22.875,,,,,500.0018,21.8125,,
500.0017,22,,499.9819,0.8125,,500.0014,1.0,,499.9819,10.0,,500.0017,0,,500.0218,12.9375,,,,,500.0014,108.875,,500.0014,31,,500.0017,13.0,,500.0218,1.125,,,,,499.9819,1.68359375,,499.9819,-0.3125,,500.0218,21.3125,,,,,500.0218,22.9375,,
500.0217,20,,500.0019,-1.8125,,500.0214,1.0,,500.0019,9.3,,500.0217,0,,500.0418,12.9375,,,,,500.0214,108.9375,,500.0214,31,,500.0217,13.0,,500.0418,1.3125,,,,,500.0019,1.7109375,,500.0019,0.0,,500.0418,21.3125,,,,,500.0418,20.375,,
500.0416,19,,500.0219,-0.75,,500.0414,1.0,,500.022,9.3,,500.0416,0,,500.0618,13.875,,,,,500.0414,108.9375,,500.0414,31,,500.0416,13.9375,,500.0618,1.25,,,,,500.0219,1.7109375,,500.0219,0.0625,,500.0618,22.875,,,,,500.0618,21.8125,,
500.0616,20,,500.0419,0.8125,,500.0614,1.0,,500.0419,10.0,,500.0616,0,,500.0833,13.875,,,,,500.0614,108.875,,500.0614,31,,500.0616,13.9375,,500.0833,1.3125,,,,,500.0419,1.7109375,,500.0419,-0.1875,,500.0833,22.875,,,,,500.0833,21.8125,,
500.0832,21,,500.0619,-1.8125,,500.0831,1.0,,500.0619,10.0,,500.0832,0,,500.1032,13.875,,,,,500.0831,108.9375,,500.0831,31,,500.0832,15.0625,,500.1032,1.1875,,,,,500.0619,1.74609375,,500.0619,0.125,,500.1032,22.875,,,,,500.1032,22.375,,
500.1031,21,,500.0834,-0.75,,500.1029,1.0,,500.0835,10.8,,500.1031,0,,500.1231,15.0,,,,,500.1029,108.875,,500.1029,31,,500.1031,14.625,,500.1231,1.4375,,,,,500.0834,1.73046875,,500.0834,0.0625,,500.1231,24.6875,,,,,500.1231,26.25,,
500.123,22,,500.1033,-1.8125,,500.1229,1.0,,500.1034,10.5,,500.123,0,,500.1418,14.5625,,,,,500.1229,108.875,,500.1229,31,,500.123,15.75,,500.1418,1.375,,,,,500.1033,1.765625,,500.1033,0.25,,500.1418,24.0,,,,,500.1418,22.9375,,
500.1416,24,,500.1232,2.875,,500.1414,1.0625,,500.1233,11.3,,500.1416,0,,500.1617,15.6875,,,,,500.1414,108.9375,,500.1414,31,,500.1416,15.75,,500.1617,1.1875,,,,,500.1232,1.6953125,,500.1232,-0.4375,,500.1617,25.8125,,,,,500.1617,25.25,,
500.1616,24,,500.1419,-0.75,,500.1614,1.0625,,500.1419,11.3,,500.1616,0,,500.1833,13.3125,,,,,500.1614,108.9375,,500.1614,31,,500.1616,13.375,,500.1833,1.125,,,,,500.1419,1.67578125,,500.1419,0.1875,,500.1833,21.9375,,,,,500.1833,22.6875,,
500.1832,22,,500.1619,-0.75,,500.1831,1.0625,,500.1619,9.600000000000001,,500.1832,0,,500.2017,12.625,,,,,500.1831,108.9375,,500.1831,31,,500.1832,15.375,,500.2017,1.3125,,,,,500.1619,1.75390625,,500.1619,0.125,,500.2017,20.8125,,,,,500.2017,20.6875,,
500.2016,19,,500.1834,0.8125,,500.2014,1.0625,,500.1835,11.0,,500.2016,0,,500.2217,15.3125,,,,,500.2014,108.9375,,500.2014,31,,500.2016,15.375,,500.2217,1.125,,,,,500.1834,1.73046875,,500.1834,-0.25,,500.2217,25.1875,,,,,500.2217,22.6875,,
500.2216,22,,500.2018,-2.3125,,500.2214,1.0625,,500.2019,11.0,,500.2216,0,,500.2417,14.5625,,,,,500.2214,108.9375,,500.2214,31,,500.2216,14.625,,500.2417,1.25,,,,,500.2018,1.75390625,,500.2018,0.0625,,500.2417,24.0,,,,,500.2417,24.125,,
500.2416,21,,500.2218,0.8125,,500.2414,1.0625,,500.2219,10.5,,500.2416,0,,500.2632,15.3125,,,,,500.2414,108.9375,,500.2414,31,,500.2416,15.375,,500.2632,1.25,,,,,500.2218,1.75390625,,500.2218,-0.1875,,500.2632,25.1875,,,,,500.2632,24.4375,,
500.263,22,,500.2419,-1.8125,,500.2629,1.125,,500.2419,11.0,,500.263,0,,500.2833,15.3125,,,,,500.2629,108.9375,,500.2629,31,,500.263,16.0625,,500.2833,1.3125,,,,,500.2419,1.7734375,,500.2419,0.0625,,500.2833,25.1875,,,,,500.2833,24.125,,
500.2832,23,,500.2633,0.8125,,500.2831,1.125,,500.2634,11.5,,500.2832,0,,500.3033,16.0,,,,,500.2831,108.9375,,500.2831,31,,500.2832,17.0625,,500.3033,1.25,,,,,500.2633,1.80078125,,500.2633,-0.3125,,500.3033,26.3125,,,,,500.3033,25.875,,
500.3031,24,,500.2834,-0.75,,500.303,1.125,,500.2835,12.200000000000001,,500.3031,0,,500.3232,17.0,,,,,500.303,108.9375,,500.303,31,,500.3031,17.3125,,500.3232,1.3125,,,,,500.2834,1.80859375,,500.2834,0.0,,500.3232,28.0,,,,,500.3232,27.0625,,
500.3231,27,,500.3034,-0.75,,500.323,1.1875,,500.3034,12.4,,500.3231,0,,500.3433,17.25,,,,,500.323,108.875,,500.323,31,,500.3231,17.4375,,500.3433,1.4375,,,,,500.3034,1.81640625,,500.3034,0.0,,500.3433,28.375,,,,,500.3433,27.0625,,
500.3432,27,,500.3234,1.3125,,500.3431,1.1875,,500.3234,12.5,,500.3432,0,,500.3632,17.375,,,,,500.3431,108.9375,,500.3431,31,,500.3432,18.6875,,500.3632,1.4375,,,,,500.3234,1.8515625,,500.3234,-0.375,,500.3632,28.625,,,,,500.3632,27.3125,,
500.3631,30,,500.3434,-1.75,,500.363,1.25,,500.3435,13.4,,500.3631,0,,500.3833,18.625,,,,,500.363,108.9375,,500.363,31,,500.3631,19.4375,,500.3833,1.375,,,,,500.3434,1.87109375,,500.3434,0.0,,500.3833,30.625,,,,,500.3833,29.125,,
500.3831,30,,500.3634,-1.25,,500.383,1.25,,500.3635,13.9,,500.3831,0,,500.4031,19.375,,,,,500.383,108.9375,,500.383,31,,500.3831,18.4375,,500.4031,1.375,,,,,500.3634,1.84375,,500.3634,0.0625,,500.4031,31.875,,,,,500.4031,31.125,,
500.403,31,,500.3834,0.8125,,500.4028,1.3125,,500.3835,13.200000000000001,,500.403,0,,500.4219,18.375,,,,,500.4028,108.875,,500.4028,31,,500.403,17.4375,,500.4219,1.5,,,,,500.3834,1.81640625,,500.3834,-0.3125,,500.4219,30.25,,,,,500.4219,29.625,,
500.4218,29,,500.4032,0.25,,500.4216,1.375,,500.4033,12.5,,500.4218,0,,500.4433,17.375,,,,,500.4216,108.9375,,500.4216,31,,500.4218,17.4375,,500.4433,1.125,,,,,500.4032,1.82421875,,500.4032,-0.1875,,500.4433,28.625,,,,,500.4433,30.8125,,
500.4431,29,,500.422,-1.25,,500.443,1.4375,,500.4221,12.5,,500.4431,0,,500.4632,17.6875,,,,,500.443,108.9375,,500.443,31,,500.4431,17.75,,500.4632,1.5625,,,,,500.422,1.82421875,,500.422,-0.0625,,500.4632,29.125,,,,,500.4632,27.3125,,
500.4631,28,,500.4434,0.8125,,500.463,1.4375,,500.4435,12.700000000000001,,500.4631,0,,500.4835,17.6875,,,,,500.463,108.9375,,500.463,31,,500.4631,17.75,,500.4835,1.5,,,,,500.4434,1.82421875,,500.4434,-0.25,,500.4835,29.125,,,,,500.4835,27.625,,
500.4833,28,,500.4634,0.8125,,500.4832,1.4375,,500.4634,12.700000000000001,,500.4833,0,,500.5032,17.6875,,,,,500.4832,108.875,,500.4832,31,,500.4833,18.6875,,500.5032,1.5625,,,,,500.4634,1.8515625,,500.4634,-0.3125,,500.5032,29.125,,,,,500.5032,28.25,,
500.5031,27,,500.4835,-0.75,,500.503,1.4375,,500.4836,13.4,,500.5031,0,,500.5219,18.625,,,,,500.503,108.9375,,500.503,31,,500.5031,17.4375,,500.5219,1.375,,,,,500.4835,1.81640625,,500.4835,-0.0625,,500.5219,30.625,,,,,500.5219,30.0,,
500.5218,29,,500.5034,1.3125,,500.5217,1.4375,,500.5034,12.5,,500.5218,0,,500.5434,17.375,,,,,500.5217,108.9375,,500.5217,31,,500.5218,17.4375,,500.5434,1.375,,,,,500.5034,1.80078125,,500.5034,-0.25,,500.5434,28.625,,,,,500.5434,29.0625,,
500.5433,30,,500.5221,1.3125,,500.5432,1.5,,500.5221,12.5,,500.5433,0,,500.5632,17.0,,,,,500.5432,108.875,,500.5432,31,,500.5433,17.75,,500.5632,1.375,,,,,500.5221,1.82421875,,500.5221,-0.4375,,500.5632,28.0,,,,,500.5632,27.3125,,
500.5631,28,,500.5435,-1.3125,,500.563,1.5,,500.5436,12.700000000000001,,500.5631,0,,500.5834,17.6875,,,,,500.563,108.9375,,500.563,31,,500.5631,17.4375,,500.5834,1.4375,,,,,500.5435,1.81640625,,500.5435,-0.0625,,500.5834,29.125,,,,,500.5834,27.9375,,
500.5833,25,,500.5634,-1.25,,500.5832,1.5,,500.5634,12.5,,500.5833,0,,500.6032,17.375,,,,,500.5832,108.9375,,500.5832,31,,500.5833,18.6875,,500.6032,1.4375,,,,,500.5634,1.8515625,,500.5634,0.0,,500.6032,28.625,,,,,500.6032,28.5,,
500.6031,28,,500.5835,-1.25,,500.603,1.5,,500.5836,13.4,,500.6031,0,,500.6232,18.625,,,,,500.603,108.9375,,500.603,31,,500.6031,19.0,,500.6232,1.4375,,,,,500.5835,1.859375,,500.5835,0.0,,500.6232,30.625,,,,,500.6232,29.0625,,
500.623,29,,500.6033,0.8125,,500.6229,1.5,,500.6034,13.600000000000001,,500.623,0,,500.6434,18.9375,,,,,500.6229,108.875,,500.6229,31,,500.623,19.0,,500.6434,1.375,,,,,500.6033,1.859375,,500.6033,-0.25,,500.6434,31.125,,,,,500.6434,30.8125,,
500.6433,30,,500.6233,-1.3125,,500.6432,1.5,,500.6234,13.600000000000001,,500.6433,0,,500.6619,18.9375,,,,,500.6432,108.875,,500.6432,31,,500.6433,18.6875,,500.6619,1.375,,,,,500.6233,1.8515625,,500.6233,-0.0625,,500.6619,31.125,,,,,500.6619,30.8125,,
500.6618,30,,500.6435,-0.75,,500.6617,1.5,,500.6436,13.4,,500.6618,0,,500.6834,18.625,,,,,500.6617,108.9375,,500.6617,31,,500.6618,18.6875,,500.6834,1.5,,,,,500.6435,1.8515625,,500.6435,-0.0625,,500.6834,30.625,,,,,500.6834,29.9375,,
500.6833,29,,500.662,-1.3125,,500.6831,1.5625,,500.6621,13.4,,500.6833,0,,500.7032,18.625,,,,,500.6831,108.9375,,500.6831,31,,500.6833,19.0,,500.7032,1.25,,,,,500.662,1.859375,,500.662,-0.125,,500.7032,30.625,,,,,500.7032,30.25,,
500.7031,30,,500.6835,-0.75,,500.7029,1.5625,,500.6836,13.600000000000001,,500.7031,0,,500.7219,18.9375,,,,,500.7029,108.9375,,500.7029,31,,500.7031,17.75,,500.7219,1.4375,,,,,500.6835,1.82421875,,500.6835,0.0625,,500.7219,31.125,,,,,500.7219,30.5,,
500.7218,28,,500.7033,0.8125,,500.7217,1.5625,,500.7034,12.700000000000001,,500.7218,0,,500.7434,17.6875,,,,,500.7217,108.875,,500.7217,31,,500.7218,17.75,,500.7434,1.4375,,,,,500.7033,1.8359375,,500.7033,-0.125,,500.7434,29.125,,,,,500.7434,29.375,,
500.7433,28,,500.722,-1.8125,,500.7431,1.5625,,500.7221,12.700000000000001,,500.7433,0,,,,,,,,500.7431,108.875,,500.7431,31,,500.7433,18.6875,,,,,,,,500.722,1.8515625,,500.722,0.125,,,,,,,,,,,
500.763,28,,500.7435,-0.75,,500.7629,1.5625,,500.7436,13.4,,500.763,0,,,,,,,,500.7629,108.875,,500.7629,31,,500.763,17.3125,,,,,,,,500.7435,1.80859375,,500.7435,0.25,,,,,,,,,,,


<CONTROLLER_CONFIG>
BorgWarner DVT - Customer Version - Release 2021.10 - 64bit
Trace start date_time: 240122_162404
Node: 1
Login at level 4: OK
Software Version: 0705.0012
Software Checksum: 0x01c3
Software Description: Gen4 (T,P,PS - DRL PMAC)Wed Jan 20 16:5
Configuration Checksum: 0x9bdb

0x4641,0: 0x2b
0x4641,1: <Subindex is write only>
0x4641,2: Maximum Stator Current (Is max): 231A(RMS) (0x00e7)
0x4641,3: Minimum Magnetizing Current (Im min): -50.0A(RMS) (0xffce)
0x4641,4: <Subindex does not exist>
0x4641,5: Number of Pole Pairs (np): 16.0 (0x0010)
0x4641,6: <Subindex does not exist>
0x4641,7: Rated Stator Current: 70A(RMS) (0x0046)
0x4641,8: <Subindex does not exist>
0x4641,9: <Subindex does not exist>
0x4641,10: Stator Inductance PMAC (Ls): 299.9901771545409uH (0x13a9)
0x4641,11: <Subindex does not exist>
0x4641,12: Nominal battery voltage: 106.0V (0x06a0)
0x4641,13: Current control proportional gain (Kp): 0.02655029296875 (0x0366)
0x4641,14: Iq max headroom (PMAC geometric): 85.0006103515625% (0x6ccd)
0x4641,15: Current control integral gain: 0.004974365234375 (0x00a3)
0x4641,16: <Subindex does not exist>
0x4641,17: <Subindex does not exist>
0x4641,18: Voltage Constant (Ke): 0.02197265625V/rads (0x02d0)
0x4641,19: <Subindex does not exist>
0x4641,20: <Subindex does not exist>
0x4641,21: <Subindex does not exist>
0x4641,22: Openloop start FW%: 0.0% (0x0000)
0x4641,23: <Subindex does not exist>
0x4641,24: <Subindex does not exist>
0x4641,25: Frequency control Kp: 0.0625 (0x0010)
0x4641,26: Frequency control Ki: 0.19140625 (0x0031)
0x4641,27: <Subindex does not exist>
0x4641,28: <Subindex does not exist>
0x4641,29: <Subindex does not exist>
0x4641,30: Max drive mod index: 100.0% (0x1000)
0x4641,31: Max brake mod index: 100.0% (0x1000)
0x4641,32: <Subindex does not exist>
0x4641,33: Voltage Control Kp: 0.0 (0x0000)
0x4641,34: Voltage Control Ki: 0.0 (0x0000)
0x4641,35: <Subindex does not exist>
0x4641,36: <Subindex does not exist>
0x4641,37: <Subindex does not exist>
0x4641,38: <Subindex does not exist>
0x4641,39: <Subindex does not exist>
0x4641,40: <Subindex does not exist>
0x4641,41: <Subindex does not exist>
0x4641,42: <Subindex does not exist>
0x4641,43: Percentage minimum allowed saturation of Ls: 50.0% (0x4000)

0x4651,0: 0x0a
0x4651,1: Proportional speed gain (Kp): 1.0498046875 (0x10cc)
0x4651,2: Integral speed gain (Ki): 0.0078125 (0x0002)
0x4651,3: Low speed proportional speed gain (Kp_low): 0.0 (0x0000)
0x4651,4: Rollback integral speed gain (Ki_rollback): 0.0 (0x0000)
0x4651,5: Low speed integral speed gain (Ki_low): 0.0 (0x0000)
0x4651,6: Dw/dt damping gain (dw/dt): 0.0 (0x0000)
0x4651,7: Integral initialisation factor: 0.0 (0x0000)
0x4651,8: Speed calculation filter pole: 0.0 (0x0000)
0x4651,9: Pre-limit speed: 0rpm (0x0000)
0x4651,10: Maximum speed limit ramp down rate: 900rpm/s (0x0384)

0x4610,0: <Subindex does not exist>

0x4614,0: <Subindex does not exist>

0x4611,0: 0x12
0x4611,1: Pt 1 Max Torque: 140.0Nm (0x08c0)
0x4611,2: Pt 1 Speed: 10RPM (0x000a)
0x4611,3: Pt 2 Max Torque: 140.0Nm (0x08c0)
0x4611,4: Pt 2 Speed: 200RPM (0x00c8)
0x4611,5: Pt 3 Max Torque: 140.0Nm (0x08c0)
0x4611,6: Pt 3 Speed: 315RPM (0x013b)
0x4611,7: Pt 4 Max Torque: 99.0Nm (0x0630)
0x4611,8: Pt 4 Speed: 380RPM (0x017c)
0x4611,9: Pt 5 Max Torque: 80.0Nm (0x0500)
0x4611,10: Pt 5 Speed: 470RPM (0x01d6)
0x4611,11: Pt 6 Max Torque: 67.0Nm (0x0430)
0x4611,12: Pt 6 Speed: 560RPM (0x0230)
0x4611,13: Pt 7 Max Torque: 60.0Nm (0x03c0)
0x4611,14: Pt 7 Speed: 630RPM (0x0276)
0x4611,15: Pt 8 Max Torque: 54.0Nm (0x0360)
0x4611,16: Pt 8 Speed: 700RPM (0x02bc)
0x4611,17: Pt 9 Max Torque: 49.0Nm (0x0310)
0x4611,18: Pt 9 Speed: 750RPM (0x02ee)

0x4612,0: 0x12
0x4612,1: Pt 1 Voltage: 0.0V (0x0000)
0x4612,2: Voltage Cutback Map - Pt 1 Cutback: 0.0 (0x0000)
0x4612,3: Pt 2 Voltage: 60.0V (0x03c0)
0x4612,4: Voltage Cutback Map - Pt 2 Cutback: 0.0 (0x0000)
0x4612,5: Pt 3 Voltage: 60.0V (0x03c0)
0x4612,6: Voltage Cutback Map - Pt 3 Cutback: 0.0 (0x0000)
0x4612,7: Pt 4 Voltage: 60.0V (0x03c0)
0x4612,8: Voltage Cutback Map - Pt 4 Cutback: 0.0 (0x0000)
0x4612,9: Pt 5 Voltage: 60.0V (0x03c0)
0x4612,10: Voltage Cutback Map - Pt 5 Cutback: 0.5 (0x4000)
0x4612,11: Pt 6 Voltage: 71.0V (0x0470)
0x4612,12: Voltage Cutback Map - Pt 6 Cutback: 0.999969482421875 (0x7fff)
0x4612,13: Pt 7 Voltage: 116.0V (0x0740)
0x4612,14: Voltage Cutback Map - Pt 7 Cutback: 0.999969482421875 (0x7fff)
0x4612,15: Pt 8 Voltage: 120.0V (0x0780)
0x4612,16: Voltage Cutback Map - Pt 8 Cutback: 0.5 (0x4000)
0x4612,17: Pt 9 Voltage: 120.0V (0x0780)
0x4612,18: Voltage Cutback Map - Pt 9 Cutback: 0.0 (0x0000)

0x4619,0: <Subindex does not exist>

0x4650,0: 0x02
0x4650,1: 0x0000
0x4650,2: 0x0000

0x4630,0: 0x15
0x4630,1: Mtr1 Enc Pullup: Off (current sink) (0x00)
0x4630,2: Mtr1 Enc Supply: 5V (0x01)
0x4630,3: Mtr1 Enc Type: UVW only (0x0002)
0x4630,4: Encoder Offset: 0.0Degrees (0x0000)
0x4630,5: Sin input minimum (trough) voltage: 0.9992673992674025V (0x02aa)
0x4630,6: Sin input maximum (peak) voltage: 4.000000000000013V (0x0aaa)
0x4630,7: Cos input minimum (trough) voltage: 0.9992673992674025V (0x02aa)
0x4630,8: Cos input maximum (peak) voltage: 4.000000000000013V (0x0aaa)
0x4630,9: Actual sin minimum (trough) voltage: 0.0V (0x0000)
0x4630,10: Actual sin maximum (peak) voltage: 0.0V (0x0000)
0x4630,11: Actual cos minimum (trough) voltage: 0.0V (0x0000)
0x4630,12: Actual cos maximum (peak) voltage: 0.0V (0x0000)
0x4630,13: <Subindex does not exist>
0x4630,14: 0x0001
0x4630,15: <Subindex does not exist>
0x4630,16: Encoder offset: 0.0Degrees (0x0000)
0x4630,17: <Subindex does not exist>
0x4630,18: 0x03
0x4630,19: Sin-cos / UVW latency fine adjust: 0us (0x00)
0x4630,20: Sin-cos tracking min warning voltage: 0.0V (0x0000)
0x4630,21: Sin-cos tracking max warning voltage: 5.0V (0x0500)

0x4631,0: <Subindex does not exist>

0x4632,0: <Subindex does not exist>

0x4633,0: <Subindex does not exist>

0x4634,0: <Subindex does not exist>

0x4635,0: <Subindex does not exist>

0x2920,0: 0x10
0x2920,1:  Torque applied during drive: 80.0% (0x0320)
0x2920,2:  Torque applied during a direction change: 50.0% (0x01f4)
0x2920,3:  Torque applied when neutral braking: 50.0% (0x01f4)
0x2920,4:  Torque applied when footbraking: 100.0% (0x03e8)
0x2920,5: Maximum Speed in forward direction: 780rpm (0x030c)
0x2920,6: Maximum Speed in reverse direction: 780rpm (0x030c)
0x2920,7: Ramp up rate during drive: 900.0%/s (0x2328)
0x2920,8: Ramp up rate during direction change braking: 900.0%/s (0x2328)
0x2920,9: Ramp up rate during neutral braking: 200.0%/s (0x07d0)
0x2920,10: Ramp up rate during footbraking: 200.0%/s (0x07d0)
0x2920,11: Ramp down rate during drive: 900.0%/s (0x2328)
0x2920,12: Ramp down rate during direction change braking: 200.0%/s (0x07d0)
0x2920,13: Ramp down rate during neutral braking: 200.0%/s (0x07d0)
0x2920,14: Ramp down rate during footbraking: 200.0%/s (0x07d0)
0x2920,15: Speed limit ramp up rate when in torque mode: 900rpm/s (0x0384)
0x2920,16: Speed limit ramp down rate when in torque mode: 900rpm/s (0x0384)

0x6060,0: Mode of operation selection: tq (torque mode) (0x04)

0x2900,0: Traction control mode: Torque mode (0x00)

<CONTROLLER_CONFIG>
