Time (s),1. Current A(RMS) (1),,Time (s),1. Id A (0.0625),,Time (s),1. Battery Current A (0.0625),,Time (s),1. Target torque % of peak (0.1),,Time (s),1. Velocity RPM (1),,Time (s),1. Torque actual value Nm (0.0625),,Time (s),1. Battery Voltage V (0.0625),,Time (s),1. Heatsink Temperature DegC (1),,Time (s),1. Torque demand value Nm (0.0625),,Time (s),1. Uq V (0.0625),,Time (s),1. Throttle Input Voltage V (0.00390625),,Time (s),1. Ud V (0.0625),,Time (s),1. Target Iq A (0.0625),,Time (s),1. Iq A (0.0625),,
535.6746,0,,535.6749,0.75,,535.6745,0.0,,535.6749,0.0,,535.6746,0,,535.6747,0.0,,535.6745,109.375,,535.6745,60,,535.6746,0.0,,535.6747,0.0,,535.6749,1.26171875,,535.6749,0.0,,535.6747,0.0,,535.6747,-1.0625,,
535.6946,0,,535.6949,0.25,,535.6945,0.0,,535.6949,0.0,,535.6946,0,,535.6947,0.0,,535.6945,109.5,,535.6945,60,,535.6946,0.0,,535.6947,0.0,,535.6949,1.28125,,535.6949,0.0,,535.6947,0.0,,535.6947,-1.375,,
535.7148,0,,535.7151,-0.75,,535.7147,0.0,,535.7151,0.0,,535.7148,0,,535.7149,0.0,,535.7147,109.4375,,535.7147,60,,535.7148,0.0,,535.7149,0.0,,535.7151,1.2890625,,535.7151,0.0,,535.7149,0.0,,535.7149,0.4375,,
535.7346,0,,535.7348,0.25,,535.7344,0.0,,535.7349,0.0,,535.7346,0,,535.7347,0.0,,535.7344,109.4375,,535.7344,60,,535.7346,0.0,,535.7347,0.0,,535.7348,1.296875,,535.7348,0.0,,535.7347,0.0,,535.7347,-0.1875,,
535.7547,0,,535.7549,0.25,,535.7545,0.0,,535.755,0.0,,535.7547,0,,535.7548,0.0,,535.7545,109.4375,,535.7545,60,,535.7547,0.0,,535.7548,0.0,,535.7549,1.296875,,535.7549,0.0,,535.7548,0.0,,535.7548,-1.375,,
535.7746,0,,535.7748,0.25,,535.7744,0.0,,535.7749,0.0,,535.7746,0,,535.7747,0.0,,535.7744,109.375,,535.7744,60,,535.7746,0.0,,535.7747,0.0,,535.7748,1.2890625,,535.7748,0.0,,535.7747,0.0,,535.7747,0.4375,,
535.7946,0,,535.7948,-0.875,,535.7945,0.0,,535.7949,0.0,,535.7946,0,,535.7947,0.0,,535.7945,109.4375,,535.7945,60,,535.7946,0.0,,535.7947,0.0,,535.7948,1.28125,,535.7948,0.0,,535.7947,0.0,,535.7947,-0.9375,,
535.8146,0,,535.8148,0.125,,535.8145,0.0,,535.8149,0.0,,535.8146,0,,535.8147,0.0,,535.8145,109.375,,535.8145,60,,535.8146,0.0,,535.8147,0.0,,535.8148,1.24609375,,535.8148,0.0,,535.8147,0.0,,535.8147,-0.375,,
535.8345,0,,535.8348,0.125,,535.8344,0.0,,535.8349,0.0,,535.8345,0,,535.8347,0.0,,535.8344,109.5,,535.8344,60,,535.8345,0.0,,535.8347,0.0,,535.8348,1.24609375,,535.8348,0.0,,535.8347,0.0,,535.8347,0.875,,
535.8547,0,,535.8549,0.125,,535.8545,0.0,,535.855,0.0,,535.8547,0,,535.8548,0.0,,535.8545,109.5,,535.8545,60,,535.8547,0.0,,535.8548,0.0,,535.8549,1.28125,,535.8549,0.0,,535.8548,0.0,,535.8548,-0.375,,
535.8746,0,,535.8748,0.125,,535.8744,0.0,,535.8749,0.0,,535.8746,0,,535.8747,0.0,,535.8744,109.5,,535.8744,60,,535.8746,0.0,,535.8747,0.0,,535.8748,1.2734375,,535.8748,0.0,,535.8747,0.0,,535.8747,0.25,,
535.8945,0,,535.8948,-0.375,,535.8944,0.0,,535.8948,0.0,,535.8945,0,,535.8947,0.0,,535.8944,109.4375,,535.8944,60,,535.8945,0.0,,535.8947,0.0,,535.8948,1.26171875,,535.8948,0.0,,535.8947,0.0,,535.8947,1.125,,
535.9148,0,,535.915,-0.875,,535.9146,0.0,,535.9151,0.0,,535.9148,0,,535.9149,0.0,,535.9146,109.4375,,535.9146,60,,535.9148,0.0,,535.9149,0.0,,535.915,1.2734375,,535.915,0.0,,535.9149,0.0,,535.9149,0.8125,,
535.9333,0,,535.9336,-0.875,,535.9332,0.0,,535.9336,0.0,,535.9333,0,,535.9334,0.0,,535.9332,109.4375,,535.9332,60,,535.9333,0.0,,535.9334,0.0,,535.9336,1.31640625,,535.9336,0.0,,535.9334,0.0,,535.9334,0.8125,,
535.9547,0,,535.9549,-0.375,,535.9545,0.0,,535.955,0.0,,535.9547,0,,535.9548,0.0,,535.9545,109.4375,,535.9545,60,,535.9547,0.0,,535.9548,0.0,,535.9549,1.26171875,,535.9549,0.0,,535.9548,0.0,,535.9548,-0.6875,,
535.9747,0,,535.975,-1.375,,535.9746,0.0,,535.975,0.0,,535.9747,0,,535.9748,0.0,,535.9746,109.375,,535.9746,60,,535.9747,0.0,,535.9748,0.0,,535.975,1.24609375,,535.975,0.0,,535.9748,0.0,,535.9748,2.3125,,
535.9947,0,,535.995,-0.375,,535.9946,0.0,,535.995,0.0,,535.9947,0,,535.9948,0.0,,535.9946,109.4375,,535.9946,60,,535.9947,0.0,,535.9948,0.0,,535.995,1.2265625,,535.995,0.0,,535.9948,0.0,,535.9948,-0.0625,,
536.0148,0,,536.015,0.125,,536.0147,0.0,,536.0151,0.0,,536.0148,0,,536.0149,0.0,,536.0147,109.4375,,536.0147,60,,536.0148,0.0,,536.0149,0.0,,536.015,1.2734375,,536.015,0.0,,536.0149,0.0,,536.0149,-0.375,,
536.0347,0,,536.035,-0.375,,536.0346,0.0,,536.035,0.0,,536.0347,0,,536.0348,0.0,,536.0346,109.5,,536.0346,60,,536.0347,0.0,,536.0348,0.0,,536.035,1.26171875,,536.035,0.0,,536.0348,0.0,,536.0348,-0.9375,,
536.0548,0,,536.055,0.125,,536.0547,0.0,,536.0551,0.0,,536.0548,0,,536.0549,0.0,,536.0547,109.5,,536.0547,60,,536.0548,0.0,,536.0549,0.0,,536.055,1.30859375,,536.055,0.0,,536.0549,0.0,,536.0549,-1.25,,
536.0747,0,,536.075,-0.375,,536.0746,0.0,,536.075,0.0,,536.0747,0,,536.0748,0.0,,536.0746,109.4375,,536.0746,60,,536.0747,0.0,,536.0748,0.0,,536.075,1.30859375,,536.075,0.0,,536.0748,0.0,,536.0748,1.125,,
536.0947,0,,536.095,-0.375,,536.0946,0.0,,536.095,0.0,,536.0947,0,,536.0948,0.0,,536.0946,109.4375,,536.0946,60,,536.0947,0.0,,536.0948,0.0,,536.095,1.296875,,536.095,0.0,,536.0948,0.0,,536.0948,1.125,,
536.1149,0,,536.1152,0.125,,536.1147,0.0,,536.1152,0.0,,536.1149,0,,536.115,0.0,,536.1147,109.375,,536.1147,60,,536.1149,0.0,,536.115,0.0,,536.1152,1.26171875,,536.1152,0.0,,536.115,0.0,,536.115,-0.0625,,
536.1347,0,,536.135,0.125,,536.1346,0.0,,536.135,0.0,,536.1347,0,,536.1348,0.0,,536.1346,109.4375,,536.1346,60,,536.1347,0.0,,536.1348,0.0,,536.135,1.2734375,,536.135,0.0,,536.1348,0.0,,536.1348,0.875,,
536.1547,0,,536.155,0.125,,536.1546,0.0,,536.1551,0.0,,536.1547,0,,536.1549,0.0,,536.1546,109.5,,536.1546,60,,536.1547,0.0,,536.1549,0.0,,536.155,1.296875,,536.155,0.0,,536.1549,0.0,,536.1549,-0.9375,,
536.1747,0,,536.175,0.125,,536.1746,0.0,,536.175,0.0,,536.1747,0,,536.1748,0.0,,536.1746,109.4375,,536.1746,60,,536.1747,0.0,,536.1748,0.0,,536.175,1.2734375,,536.175,0.0,,536.1748,0.0,,536.1748,0.875,,
536.1947,0,,536.195,0.125,,536.1946,0.0,,536.195,0.0,,536.1947,0,,536.1948,0.0,,536.1946,109.4375,,536.1946,60,,536.1947,0.0,,536.1948,0.0,,536.195,1.26171875,,536.195,0.0,,536.1948,0.0,,536.1948,-1.25,,
536.215,0,,536.2152,0.625,,536.2148,0.0,,536.2153,0.0,,536.215,0,,536.2151,0.0,,536.2148,109.4375,,536.2148,60,,536.215,0.0,,536.2151,0.0,,536.2152,1.28125,,536.2152,0.0,,536.2151,0.0,,536.2151,0.5,,
536.2347,0,,536.235,-1.875,,536.2346,0.0,,536.2351,0.0,,536.2347,0,,536.2349,0.0,,536.2346,109.4375,,536.2346,60,,536.2347,0.0,,536.2349,0.0,,536.235,1.26171875,,536.235,0.0,,536.2349,0.0,,536.2349,-0.375,,
536.255,0,,536.2552,1.125,,536.2548,0.0,,536.2553,0.0,,536.255,0,,536.2551,0.0,,536.2548,109.4375,,536.2548,60,,536.255,0.0,,536.2551,0.0,,536.2552,1.25390625,,536.2552,0.0,,536.2551,0.0,,536.2551,-0.625,,
536.2747,0,,536.275,-1.375,,536.2746,0.0,,536.275,0.0,,536.2747,0,,536.2749,0.0,,536.2746,109.4375,,536.2746,60,,536.2747,0.0,,536.2749,0.0,,536.275,1.2734375,,536.275,0.0,,536.2749,0.0,,536.2749,2.3125,,
536.2947,0,,536.2949,-0.375,,536.2945,0.0,,536.295,0.0,,536.2947,0,,536.2948,0.0,,536.2945,109.5,,536.2945,60,,536.2947,0.0,,536.2948,0.0,,536.2949,1.296875,,536.2949,0.0,,536.2948,0.0,,536.2948,1.125,,
536.3149,0,,536.3152,-0.875,,536.3148,0.0,,536.3153,0.0,,536.3149,0,,536.3151,0.0,,536.3148,109.4375,,536.3148,60,,536.3149,0.0,,536.3151,0.0,,536.3152,1.296875,,536.3152,0.0,,536.3151,0.0,,536.3151,1.4375,,
536.3347,0,,536.335,0.125,,536.3346,0.0,,536.335,0.0,,536.3347,0,,536.3348,0.0,,536.3346,109.375,,536.3346,60,,536.3347,0.0,,536.3348,0.0,,536.335,1.26171875,,536.335,0.0,,536.3348,0.0,,536.3348,-0.375,,
536.3549,0,,536.3552,-0.375,,536.3548,0.0,,536.3553,0.0,,536.3549,0,,536.3551,0.0,,536.3548,109.5,,536.3548,60,,536.3549,0.0,,536.3551,0.0,,536.3552,1.28125,,536.3552,0.0,,536.3551,0.0,,536.3551,0.5,,
536.3747,0,,536.3749,-0.375,,536.3746,0.0,,536.375,0.0,,536.3747,0,,536.3748,0.0,,536.3746,109.4375,,536.3746,60,,536.3747,0.0,,536.3748,0.0,,536.3749,1.2890625,,536.3749,0.0,,536.3748,0.0,,536.3748,0.5,,
536.3947,0,,536.3949,-0.375,,536.3946,0.0,,536.395,0.0,,536.3947,0,,536.3948,0.0,,536.3946,109.4375,,536.3946,60,,536.3947,0.0,,536.3948,0.0,,536.3949,1.2734375,,536.3949,0.0,,536.3948,0.0,,536.3948,0.5,,
536.4149,0,,536.4152,0.125,,536.4148,0.0,,536.4153,0.0,,536.4149,0,,536.415,0.0,,536.4148,109.4375,,536.4148,60,,536.4149,0.0,,536.415,0.0,,536.4152,1.26171875,,536.4152,0.0,,536.415,0.0,,536.415,1.4375,,
536.4346,0,,536.4348,0.625,,536.4345,0.0,,536.4349,0.0,,536.4346,0,,536.4347,0.0,,536.4345,109.4375,,536.4345,60,,536.4346,0.0,,536.4347,0.0,,536.4348,1.26171875,,536.4348,0.0,,536.4347,0.0,,536.4347,-0.0625,,
536.4549,0,,536.4551,1.125,,536.4548,0.0,,536.4552,0.0,,536.4549,0,,536.455,0.0,,536.4548,109.4375,,536.4548,60,,536.4549,0.0,,536.455,0.0,,536.4551,1.2734375,,536.4551,0.0,,536.455,0.0,,536.455,-1.5,,
536.4747,0,,536.4749,1.125,,536.4745,0.0,,536.475,0.0,,536.4747,0,,536.4748,0.0,,536.4745,109.4375,,536.4745,60,,536.4747,0.0,,536.4748,0.0,,536.4749,1.26171875,,536.4749,0.0,,536.4748,0.0,,536.4748,0.25,,
536.4946,0,,536.4948,-0.375,,536.4945,0.0,,536.4949,0.0,,536.4946,0,,536.4947,0.0,,536.4945,109.4375,,536.4945,60,,536.4946,0.0,,536.4947,0.0,,536.4948,1.25390625,,536.4948,0.0,,536.4947,0.0,,536.4947,1.125,,
536.5149,0,,536.5151,-0.375,,536.5147,0.0,,536.5152,0.0,,536.5149,0,,536.515,0.0,,536.5147,109.4375,,536.5147,60,,536.5149,0.0,,536.515,0.0,,536.5151,1.24609375,,536.5151,0.0,,536.515,0.0,,536.515,-0.0625,,
536.5347,0,,536.5349,-1.375,,536.5346,0.0,,536.535,0.0,,536.5347,0,,536.5348,0.0,,536.5346,109.5,,536.5346,60,,536.5347,0.0,,536.5348,0.0,,536.5349,1.2890625,,536.5349,0.0,,536.5348,0.0,,536.5348,2.3125,,
536.5547,0,,536.555,-0.375,,536.5545,0.0,,536.5551,0.0,,536.5547,0,,536.5549,0.0,,536.5545,109.5,,536.5545,60,,536.5547,0.0,,536.5549,0.0,,536.555,1.2734375,,536.555,0.0,,536.5549,0.0,,536.5549,-0.6875,,
536.5746,0,,536.5749,1.125,,536.5745,0.0,,536.575,0.0,,536.5746,0,,536.5748,0.0,,536.5745,109.4375,,536.5745,60,,536.5746,0.0,,536.5748,0.0,,536.5749,1.24609375,,536.5749,0.0,,536.5748,0.0,,536.5748,-0.9375,,
536.5946,0,,536.5949,0.125,,536.5945,0.0,,536.5949,0.0,,536.5946,0,,536.5947,0.0,,536.5945,109.4375,,536.5945,60,,536.5946,0.0,,536.5947,0.0,,536.5949,1.26171875,,536.5949,0.0,,536.5947,0.0,,536.5947,0.875,,
536.6148,0,,536.6151,-0.375,,536.6147,0.0,,536.6152,0.0,,536.6148,0,,536.615,0.0,,536.6147,109.5,,536.6147,60,,536.6148,0.0,,536.615,0.0,,536.6151,1.2734375,,536.6151,0.0,,536.615,0.0,,536.615,1.4375,,
536.6346,0,,536.6349,-0.375,,536.6345,0.0,,536.6349,0.0,,536.6346,0,,536.6347,0.0,,536.6345,109.5,,536.6345,60,,536.6346,0.0,,536.6347,0.0,,536.6349,1.296875,,536.6349,0.0,,536.6347,0.0,,536.6347,0.5,,
536.6548,0,,536.6551,0.625,,536.6547,0.0,,536.6552,0.0,,536.6548,0,,536.655,0.0,,536.6547,109.375,,536.6547,60,,536.6548,0.0,,536.655,0.0,,536.6551,1.28125,,536.6551,0.0,,536.655,0.0,,536.655,-1.25,,
536.6746,0,,536.6749,-0.375,,536.6745,0.0,,536.6749,0.0,,536.6746,0,,536.6747,0.0,,536.6745,109.4375,,536.6745,60,,536.6746,0.0,,536.6747,0.0,,536.6749,1.25390625,,536.6749,0.0,,536.6747,0.0,,536.6747,0.25,,
536.6946,0,,536.6948,0.625,,536.6945,0.0,,536.6949,0.0,,536.6946,0,,536.6947,0.0,,536.6945,109.4375,,536.6945,60,,536.6946,0.0,,536.6947,0.0,,536.6948,1.26171875,,536.6948,0.0,,536.6947,0.0,,536.6947,-0.0625,,
536.7147,0,,536.715,0.125,,536.7145,0.0,,536.715,0.0,,536.7147,0,,536.7148,0.0,,536.7145,109.4375,,536.7145,60,,536.7147,0.0,,536.7148,0.0,,536.715,1.296875,,536.715,0.0,,536.7148,0.0,,536.7148,0.25,,
536.7346,0,,536.7348,0.625,,536.7344,0.0,,536.7349,0.0,,536.7346,0,,536.7347,0.0,,536.7344,109.4375,,536.7344,60,,536.7346,0.0,,536.7347,0.0,,536.7348,1.2734375,,536.7348,0.0,,536.7347,0.0,,536.7347,-0.625,,
536.755,0,,536.7552,-0.375,,536.7549,0.0,,536.7553,0.0,,536.755,0,,536.7551,0.0,,536.7549,109.4375,,536.7549,60,,536.755,0.0,,536.7551,0.0,,536.7552,1.2890625,,536.7552,0.0,,536.7551,0.0,,536.7551,-0.0625,,
536.7747,0,,536.7749,0.125,,536.7745,0.0,,536.775,0.0,,536.7747,0,,536.7748,0.0,,536.7745,109.5,,536.7745,60,,536.7747,0.0,,536.7748,0.0,,536.7749,1.2890625,,536.7749,0.0,,536.7748,0.0,,536.7748,-0.9375,,
536.7948,0,,536.7951,-1.375,,536.7947,0.0,,536.7951,0.0,,536.7948,0,,536.7949,0.0,,536.7947,109.4375,,536.7947,60,,536.7948,0.0,,536.7949,0.0,,536.7951,1.2890625,,536.7951,0.0,,536.7949,0.0,,536.7949,2.3125,,
536.815,0,,536.8152,-0.3125,,536.8149,0.0,,536.8153,0.0,,536.815,0,,536.8151,0.0,,536.8149,109.4375,,536.8149,60,,536.815,0.0,,536.8151,0.0,,536.8152,1.296875,,536.8152,0.0,,536.8151,0.0,,536.8151,-1.0,,
536.8348,0,,536.835,0.6875,,536.8347,0.0,,536.8351,0.0,,536.8348,0,,536.8349,0.0,,536.8347,109.4375,,536.8347,60,,536.8348,0.0,,536.8349,0.0,,536.835,1.30859375,,536.835,0.0,,536.8349,0.0,,536.8349,-0.9375,,
536.8535,0,,536.8537,0.1875,,536.8533,0.0,,536.8538,0.0,,536.8535,0,,536.8536,0.0,,536.8533,109.4375,,536.8533,60,,536.8535,0.0,,536.8536,0.0,,536.8537,1.2890625,,536.8537,0.0,,536.8536,0.0,,536.8536,-0.0625,,
536.8735,0,,536.8737,-0.3125,,536.8734,0.0,,536.8738,0.0,,536.8735,0,,536.8736,0.0,,536.8734,109.4375,,536.8734,60,,536.8735,0.0,,536.8736,0.0,,536.8737,1.2734375,,536.8737,0.0,,536.8736,0.0,,536.8736,0.1875,,
536.8947,0,,536.895,-0.3125,,536.8946,0.0,,536.8951,0.0,,536.8947,0,,536.8949,0.0,,536.8946,109.4375,,536.8946,60,,536.8947,0.0,,536.8949,0.0,,536.895,1.31640625,,536.895,0.0,,536.8949,0.0,,536.8949,-0.375,,
536.9148,0,,536.9151,0.6875,,536.9147,0.0,,536.9152,0.0,,536.9148,0,,536.915,0.0,,536.9147,109.5,,536.9147,60,,536.9148,0.0,,536.915,0.0,,536.9151,1.296875,,536.9151,0.0,,536.915,0.0,,536.915,-0.375,,
536.9348,0,,536.9351,-1.3125,,536.9346,0.0,,536.9351,0.0,,536.9348,0,,536.9349,0.0,,536.9346,109.4375,,536.9346,60,,536.9348,0.0,,536.9349,0.0,,536.9351,1.28125,,536.9351,0.0,,536.9349,0.0,,536.9349,1.375,,
536.955,0,,536.9552,0.1875,,536.9548,0.0,,536.9553,0.0,,536.955,0,,536.9551,0.0,,536.9548,109.4375,,536.9548,60,,536.955,0.0,,536.9551,0.0,,536.9552,1.296875,,536.9552,0.0,,536.9551,0.0,,536.9551,-0.6875,,
536.9749,0,,536.9752,0.1875,,536.9748,0.0,,536.9753,0.0,,536.9749,0,,536.9751,0.0,,536.9748,109.4375,,536.9748,60,,536.9749,0.0,,536.9751,0.0,,536.9752,1.25390625,,536.9752,0.0,,536.9751,0.0,,536.9751,-0.6875,,
536.9949,0,,536.9952,0.1875,,536.9948,0.0,,536.9952,0.0,,536.9949,0,,536.995,0.0,,536.9948,109.4375,,536.9948,60,,536.9949,0.0,,536.995,0.0,,536.9952,1.28125,,536.9952,0.0,,536.995,0.0,,536.995,-1.875,,
537.0135,0,,537.0138,0.1875,,537.0133,0.0,,537.0139,0.0,,537.0135,0,,537.0137,0.0,,537.0133,109.4375,,537.0133,60,,537.0135,0.0,,537.0137,0.0,,537.0138,1.28125,,537.0138,0.0,,537.0137,0.0,,537.0137,1.125,,
537.0349,0,,537.0352,0.6875,,537.0348,0.0,,537.0352,0.0,,537.0349,0,,537.035,0.0,,537.0348,109.5,,537.0348,60,,537.0349,0.0,,537.035,0.0,,537.0352,1.26171875,,537.0352,0.0,,537.035,0.0,,537.035,0.5,,
537.0549,0,,537.0552,-0.875,,537.0548,0.0,,537.0553,0.0,,537.0549,0,,537.0551,0.0,,537.0548,109.4375,,537.0548,60,,537.0549,0.0,,537.0551,0.0,,537.0552,1.24609375,,537.0552,0.0,,537.0551,0.0,,537.0551,-1.875,,
537.0749,0,,537.0752,0.1875,,537.0748,0.0,,537.0752,0.0,,537.0749,0,,537.075,0.0,,537.0748,109.4375,,537.0748,60,,537.0749,0.0,,537.075,0.0,,537.0752,1.28125,,537.0752,0.0,,537.075,0.0,,537.075,0.5,,
537.0949,0,,537.0951,-0.3125,,537.0947,0.0,,537.0952,0.0,,537.0949,0,,537.095,0.0,,537.0947,109.4375,,537.0947,60,,537.0949,0.0,,537.095,0.0,,537.0951,1.2890625,,537.0951,0.0,,537.095,0.0,,537.095,-1.0,,
537.115,0,,537.1153,0.1875,,537.1148,0.0,,537.1154,0.0,,537.115,0,,537.1152,0.0,,537.1148,109.4375,,537.1148,60,,537.115,0.0,,537.1152,0.0,,537.1153,1.25390625,,537.1153,0.0,,537.1152,0.0,,537.1152,-0.6875,,
537.1349,0,,537.1351,0.1875,,537.1347,0.0,,537.1352,0.0,,537.1349,0,,537.135,0.0,,537.1347,109.4375,,537.1347,60,,537.1349,0.0,,537.135,0.0,,537.1351,1.24609375,,537.1351,0.0,,537.135,0.0,,537.135,-0.6875,,
537.1549,0,,537.1552,-0.3125,,537.1548,0.0,,537.1552,0.0,,537.1549,0,,537.155,0.0,,537.1548,109.4375,,537.1548,60,,537.1549,0.0,,537.155,0.0,,537.1552,1.296875,,537.1552,0.0,,537.155,0.0,,537.155,-0.125,,
537.1735,0,,537.1738,0.1875,,537.1733,0.0,,537.1739,0.0,,537.1735,0,,537.1736,0.0,,537.1733,109.4375,,537.1733,60,,537.1735,0.0,,537.1736,0.0,,537.1738,1.28125,,537.1738,0.0,,537.1736,0.0,,537.1736,-2.125,,
537.1948,0,,537.1951,-0.3125,,537.1947,0.0,,537.1952,0.0,,537.1948,0,,537.195,0.0,,537.1947,109.375,,537.1947,60,,537.1948,0.0,,537.195,0.0,,537.1951,1.25390625,,537.1951,0.0,,537.195,0.0,,537.195,-1.25,,
537.2149,0,,537.2152,-0.3125,,537.2148,0.0,,537.2153,0.0,,537.2149,0,,537.2151,0.0,,537.2148,109.4375,,537.2148,60,,537.2149,0.0,,537.2151,0.0,,537.2152,1.26171875,,537.2152,0.0,,537.2151,0.0,,537.2151,0.8125,,
537.2348,0,,537.2351,1.1875,,537.2347,0.0,,537.2352,0.0,,537.2348,0,,537.235,0.0,,537.2347,109.4375,,537.2347,60,,537.2348,0.0,,537.235,0.0,,537.2351,1.25390625,,537.2351,0.0,,537.235,0.0,,537.235,-1.25,,
537.2549,0,,537.2551,-0.3125,,537.2547,0.0,,537.2552,0.0,,537.2549,0,,537.255,0.0,,537.2547,109.375,,537.2547,60,,537.2549,0.0,,537.255,0.0,,537.2551,1.28125,,537.2551,0.0,,537.255,0.0,,537.255,-1.0,,
537.2747,0,,537.2749,0.6875,,537.2745,0.0,,537.275,0.0,,537.2747,0,,537.2748,0.0,,537.2745,109.4375,,537.2745,60,,537.2747,0.0,,537.2748,0.0,,537.2749,1.2890625,,537.2749,0.0,,537.2748,0.0,,537.2748,-0.9375,,
537.2948,0,,537.2951,-0.3125,,537.2947,0.0,,537.2951,0.0,,537.2948,0,,537.2949,0.0,,537.2947,109.4375,,537.2947,60,,537.2948,0.0,,537.2949,0.0,,537.2951,1.25390625,,537.2951,0.0,,537.2949,0.0,,537.2949,0.5,,
537.3149,0,,537.3152,0.6875,,537.3148,0.0,,537.3152,0.0,,537.3149,0,,537.315,0.0,,537.3148,109.4375,,537.3148,60,,537.3149,0.0,,537.315,0.0,,537.3152,1.26171875,,537.3152,0.0,,537.315,0.0,,537.315,-2.125,,
537.3334,0,,537.3337,-0.3125,,537.3333,0.0,,537.3338,0.0,,537.3334,0,,537.3335,0.0,,537.3333,109.375,,537.3333,60,,537.3334,0.0,,537.3335,0.0,,537.3337,1.30859375,,537.3337,0.0,,537.3335,0.0,,537.3335,0.1875,,
537.3534,0,,537.3537,-0.3125,,537.3532,0.0,,537.3538,0.0,,537.3534,0,,537.3536,0.0,,537.3532,109.4375,,537.3532,60,,537.3534,0.0,,537.3536,0.0,,537.3537,1.296875,,537.3537,0.0,,537.3536,0.0,,537.3536,-1.0,,
537.3746,0,,537.3749,0.1875,,537.3745,0.0,,537.3749,0.0,,537.3746,0,,537.3747,0.0,,537.3745,109.5,,537.3745,60,,537.3746,0.0,,537.3747,0.0,,537.3749,1.2734375,,537.3749,0.0,,537.3747,0.0,,537.3747,-1.0,,
537.3948,0,,537.395,0.1875,,537.3947,0.0,,537.3951,0.0,,537.3948,0,,537.3949,0.0,,537.3947,109.5,,537.3947,60,,537.3948,0.0,,537.3949,0.0,,537.395,1.26171875,,537.395,0.0,,537.3949,0.0,,537.3949,-0.0625,,
537.4149,0,,537.4152,0.1875,,537.4147,0.0,,537.4153,0.0,,537.4149,0,,537.4151,0.0,,537.4147,109.5,,537.4147,60,,537.4149,0.0,,537.4151,0.0,,537.4152,1.25390625,,537.4152,0.0,,537.4151,0.0,,537.4151,-1.25,,
537.4348,0,,537.435,0.1875,,537.4347,0.0,,537.4351,0.0,,537.4348,0,,537.4349,0.0,,537.4347,109.5,,537.4347,60,,537.4348,0.0,,537.4349,0.0,,537.435,1.2734375,,537.435,0.0,,537.4349,0.0,,537.4349,-0.6875,,
537.4549,0,,537.4551,0.1875,,537.4547,0.0,,537.4552,0.0,,537.4549,0,,537.455,0.0,,537.4547,109.4375,,537.4547,60,,537.4549,0.0,,537.455,0.0,,537.4551,1.2890625,,537.4551,0.0,,537.455,0.0,,537.455,-1.25,,
537.4746,0,,537.4748,0.1875,,537.4745,0.0,,537.4749,0.0,,537.4746,0,,537.4747,0.0,,537.4745,109.4375,,537.4745,60,,537.4746,0.0,,537.4747,0.0,,537.4748,1.30859375,,537.4748,0.0,,537.4747,0.0,,537.4747,-0.375,,
537.4947,0,,537.4949,-0.3125,,537.4945,0.0,,537.495,0.0,,537.4947,0,,537.4948,0.0,,537.4945,109.375,,537.4945,60,,537.4947,0.0,,537.4948,0.0,,537.4949,1.28125,,537.4949,0.0,,537.4948,0.0,,537.4948,0.1875,,
537.5135,0,,537.5138,1.1875,,537.5132,0.0,,537.5138,0.0,,537.5135,0,,537.5136,0.0,,537.5132,109.375,,537.5132,60,,537.5135,0.0,,537.5136,0.0,,537.5138,1.25390625,,537.5138,0.0,,537.5136,0.0,,537.5136,-1.875,,
537.5349,0,,537.5351,-0.3125,,537.5347,0.0,,537.5352,0.0,,537.5349,0,,537.535,0.0,,537.5347,109.375,,537.5347,60,,537.5349,0.0,,537.535,0.0,,537.5351,1.26171875,,537.5351,0.0,,537.535,0.0,,537.535,-1.0,,
537.555,0,,537.5552,0.1875,,537.5548,0.0,,537.5553,0.0,,537.555,0,,537.5551,0.0,,537.5548,109.5,,537.5548,60,,537.555,0.0,,537.5551,0.0,,537.5552,1.2734375,,537.5552,0.0,,537.5551,0.0,,537.5551,-0.6875,,
537.5748,0,,537.575,0.6875,,537.5747,0.0,,537.5751,0.0,,537.5748,0,,537.5749,0.0,,537.5747,109.4375,,537.5747,60,,537.5748,0.0,,537.5749,0.0,,537.575,1.28125,,537.575,0.0,,537.5749,0.0,,537.5749,-1.5625,,
537.5948,0,,537.595,-0.875,,537.5947,0.0,,537.5951,0.0,,537.5948,0,,537.5949,0.0,,537.5947,109.5,,537.5947,60,,537.5948,0.0,,537.5949,0.0,,537.595,1.28125,,537.595,0.0,,537.5949,0.0,,537.5949,0.5,,
537.615,0,,537.6153,0.1875,,537.6149,0.0,,537.6153,0.0,,537.615,0,,537.6151,0.0,,537.6149,109.5,,537.6149,60,,537.615,0.0,,537.6151,0.0,,537.6153,1.28125,,537.6153,0.0,,537.6151,0.0,,537.6151,-0.0625,,
537.6336,0,,537.6339,0.6875,,537.6334,0.0,,537.6339,0.0,,537.6336,0,,537.6338,0.0,,537.6334,109.375,,537.6334,60,,537.6336,0.0,,537.6338,0.0,,537.6339,1.28125,,537.6339,0.0,,537.6338,0.0,,537.6338,-0.9375,,
537.6536,0,,537.6539,1.1875,,537.6534,0.0,,537.6539,0.0,,537.6536,0,,537.6537,0.0,,537.6534,109.4375,,537.6534,60,,537.6536,0.0,,537.6537,0.0,,537.6539,1.2265625,,537.6539,0.0,,537.6537,0.0,,537.6537,-1.25,,
537.6748,0,,537.675,0.1875,,537.6747,0.0,,537.6751,0.0,,537.6748,0,,537.6749,0.0,,537.6747,109.5,,537.6747,60,,537.6748,0.0,,537.6749,0.0,,537.675,1.23828125,,537.675,0.0,,537.6749,0.0,,537.6749,-0.6875,,
537.6936,0,,537.6939,-0.875,,537.6934,0.0,,537.6939,0.0,,537.6936,0,,537.6937,0.0,,537.6934,109.4375,,537.6934,60,,537.6936,0.0,,537.6937,0.0,,537.6939,1.24609375,,537.6939,0.0,,537.6937,0.0,,537.6937,-0.125,,
537.7137,0,,537.7139,0.6875,,537.7136,0.0,,537.714,0.0,,537.7137,0,,537.7138,0.0,,537.7136,109.5,,537.7136,60,,537.7137,0.0,,537.7138,0.0,,537.7139,1.25390625,,537.7139,0.0,,537.7138,0.0,,537.7138,-0.9375,,
537.7349,0,,537.7351,-0.3125,,537.7346,0.0,,537.7352,0.0,,537.7349,0,,537.735,0.0,,537.7346,109.4375,,537.7346,60,,537.7349,0.0,,537.735,0.0,,537.7351,1.25390625,,537.7351,0.0,,537.735,0.0,,537.735,0.1875,,
537.755,0,,537.7553,-0.3125,,537.7548,0.0,,537.7554,0.0,,537.755,0,,537.7552,0.0,,537.7548,109.4375,,537.7548,60,,537.755,0.0,,537.7552,0.0,,537.7553,1.26171875,,537.7553,0.0,,537.7552,0.0,,537.7552,0.1875,,
537.7749,0,,537.7752,-0.875,,537.7748,0.0,,537.7753,0.0,,537.7749,0,,537.7751,0.0,,537.7748,109.4375,,537.7748,60,,537.7749,0.0,,537.7751,0.0,,537.7752,1.28125,,537.7752,0.0,,537.7751,0.0,,537.7751,0.5,,
537.7949,0,,537.7952,-0.3125,,537.7948,0.0,,537.7952,0.0,,537.7949,0,,537.795,0.0,,537.7948,109.5,,537.7948,60,,537.7949,0.0,,537.795,0.0,,537.7952,1.28125,,537.7952,0.0,,537.795,0.0,,537.795,0.1875,,
537.8151,0,,537.8153,-0.3125,,537.8149,0.0,,537.8154,0.0,,537.8151,0,,537.8152,0.0,,537.8149,109.5,,537.8149,60,,537.8151,0.0,,537.8152,0.0,,537.8153,1.296875,,537.8153,0.0,,537.8152,0.0,,537.8152,1.125,,
537.8349,0,,537.8352,0.1875,,537.8348,0.0,,537.8352,0.0,,537.8349,0,,537.835,0.0,,537.8348,109.5,,537.8348,60,,537.8349,0.0,,537.835,0.0,,537.8352,1.33203125,,537.8352,0.0,,537.835,0.0,,537.835,0.0,,
537.855,0,,537.8553,-0.3125,,537.8549,0.0,,537.8553,0.0,,537.855,0,,537.8551,0.0,,537.8549,109.4375,,537.8549,60,,537.855,0.0,,537.8551,0.0,,537.8553,1.296875,,537.8553,0.0,,537.8551,0.0,,537.8551,0.3125,,
537.8749,0,,537.8752,0.1875,,537.8748,0.0,,537.8752,0.0,,537.8749,0,,537.875,0.0,,537.8748,109.4375,,537.8748,60,,537.8749,0.0,,537.875,0.0,,537.8752,1.28125,,537.8752,0.0,,537.875,0.0,,537.875,-0.3125,,
537.8949,0,,537.8951,0.1875,,537.8947,0.0,,537.8953,0.0,,537.8949,0,,537.8951,0.0,,537.8947,109.5,,537.8947,60,,537.8949,0.0,,537.8951,0.0,,537.8951,1.25390625,,537.8951,0.0,,537.8951,0.0,,537.8951,0.0,,
537.915,0,,537.9153,-0.3125,,537.9148,0.0,,537.9154,0.0,,537.915,0,,537.9152,0.0,,537.9148,109.5,,537.9148,60,,537.915,0.0,,537.9152,0.0,,537.9153,1.28125,,537.9153,0.0,,537.9152,0.0,,537.9152,0.875,,
537.9349,0,,537.9351,-0.3125,,537.9347,0.0,,537.9352,0.0,,537.9349,0,,537.935,0.0,,537.9347,109.5,,537.9347,60,,537.9349,0.0,,537.935,0.0,,537.9351,1.2890625,,537.9351,0.0,,537.935,0.0,,537.935,-0.5625,,
537.9536,0,,537.9539,0.1875,,537.9535,0.0,,537.9539,0.0,,537.9536,0,,537.9538,0.0,,537.9535,109.5,,537.9535,60,,537.9536,0.0,,537.9538,0.0,,537.9539,1.2890625,,537.9539,0.0,,537.9538,0.0,,537.9538,0.875,,
537.9749,0,,537.9751,0.1875,,537.9747,0.0,,537.9752,0.0,,537.9749,0,,537.975,0.0,,537.9747,109.4375,,537.9747,60,,537.9749,0.0,,537.975,0.0,,537.9751,1.25390625,,537.9751,0.0,,537.975,0.0,,537.975,1.1875,,
537.9947,0,,537.9949,-0.8125,,537.9946,0.0,,537.995,0.0,,537.9947,0,,537.9948,0.0,,537.9946,109.5,,537.9946,60,,537.9947,0.0,,537.9948,0.0,,537.9949,1.2734375,,537.9949,0.0,,537.9948,0.0,,537.9948,0.0,,
538.0149,0,,538.0151,-0.3125,,538.0147,0.0,,538.0152,0.0,,538.0149,0,,538.015,0.0,,538.0147,109.375,,538.0147,60,,538.0149,0.0,,538.015,0.0,,538.0151,1.28125,,538.0151,0.0,,538.015,0.0,,538.015,-0.875,,
538.0348,0,,538.035,-0.3125,,538.0346,0.0,,538.0351,0.0,,538.0348,0,,538.0349,0.0,,538.0346,109.4375,,538.0346,60,,538.0348,0.0,,538.0349,0.0,,538.035,1.2734375,,538.035,0.0,,538.0349,0.0,,538.0349,-0.875,,
538.0549,0,,538.0552,0.1875,,538.0548,0.0,,538.0553,0.0,,538.0549,0,,538.0551,0.0,,538.0548,109.4375,,538.0548,60,,538.0549,0.0,,538.0551,0.0,,538.0552,1.2890625,,538.0552,0.0,,538.0551,0.0,,538.0551,0.0,,
538.0748,0,,538.0751,1.1875,,538.0747,0.0,,538.0752,0.0,,538.0748,0,,538.075,0.0,,538.0747,109.4375,,538.0747,60,,538.0748,0.0,,538.075,0.0,,538.0751,1.296875,,538.0751,0.0,,538.075,0.0,,538.075,0.0625,,
538.0949,0,,538.0951,0.1875,,538.0947,0.0,,538.0952,0.0,,538.0949,0,,538.0949,0.0,,538.0947,109.4375,,538.0947,60,,538.0949,0.0,,538.0949,0.0,,538.0951,1.2890625,,538.0951,0.0,,538.0949,0.0,,538.0949,-1.1875,,
538.115,0,,538.1152,0.1875,,538.1148,0.0,,538.1153,0.0,,538.115,0,,538.1151,0.0,,538.1148,109.4375,,538.1148,60,,538.115,0.0,,538.1151,0.0,,538.1152,1.296875,,538.1152,0.0,,538.1151,0.0,,538.1151,0.0,,
538.1348,0,,538.1351,0.6875,,538.1347,0.0,,538.1351,0.0,,538.1348,0,,538.1349,0.0,,538.1347,109.4375,,538.1347,60,,538.1348,0.0,,538.1349,0.0,,538.1351,1.2734375,,538.1351,0.0,,538.1349,0.0,,538.1349,-0.875,,
538.1549,0,,538.1552,0.6875,,538.1548,0.0,,538.1552,0.0,,538.1549,0,,538.155,0.0,,538.1548,109.5,,538.1548,60,,538.1549,0.0,,538.155,0.0,,538.1552,1.26171875,,538.1552,0.0,,538.155,0.0,,538.155,-0.875,,
538.1748,0,,538.1751,0.1875,,538.1747,0.0,,538.1751,0.0,,538.1748,0,,538.1749,0.0,,538.1747,109.4375,,538.1747,60,,538.1748,0.0,,538.1749,0.0,,538.1751,1.28125,,538.1751,0.0,,538.1749,0.0,,538.1749,-1.8125,,
538.1948,0,,538.195,0.6875,,538.1947,0.0,,538.1952,0.0,,538.1948,0,,538.195,0.0,,538.1947,109.5,,538.1947,60,,538.1948,0.0,,538.195,0.0,,538.195,1.26171875,,538.195,0.0,,538.195,0.0,,538.195,-0.875,,
538.2149,0,,538.2151,0.6875,,538.2147,0.0,,538.2152,0.0,,538.2149,0,,538.215,0.0,,538.2147,109.4375,,538.2147,60,,538.2149,0.0,,538.215,0.0,,538.2151,1.26171875,,538.2151,0.0,,538.215,0.0,,538.215,-0.875,,
538.2348,0,,538.235,1.1875,,538.2347,0.0,,538.2351,0.0,,538.2348,0,,538.2349,0.0,,538.2347,109.4375,,538.2347,60,,538.2348,0.0,,538.2349,0.0,,538.235,1.2890625,,538.235,0.0,,538.2349,0.0,,538.2349,-0.5625,,
538.2549,0,,538.2552,1.1875,,538.2547,0.0,,538.2553,0.0,,538.2549,0,,538.2551,0.0,,538.2547,109.4375,,538.2547,60,,538.2549,0.0,,538.2551,0.0,,538.2552,1.28125,,538.2552,0.0,,538.2551,0.0,,538.2551,-1.8125,,
538.2746,0,,538.2748,0.6875,,538.2745,0.0,,538.2749,0.0,,538.2746,0,,538.2747,0.0,,538.2745,109.4375,,538.2745,60,,538.2746,0.0,,538.2747,0.0,,538.2748,1.2734375,,538.2748,0.0,,538.2747,0.0,,538.2747,-2.0625,,
538.2947,0,,538.295,0.6875,,538.2946,0.0,,538.2951,0.0,,538.2947,0,,538.2949,0.0,,538.2946,109.375,,538.2946,60,,538.2947,0.0,,538.2949,0.0,,538.295,1.26171875,,538.295,0.0,,538.2949,0.0,,538.2949,-2.0625,,
538.3149,0,,538.3152,0.1875,,538.3147,0.0,,538.3152,0.0,,538.3149,0,,538.315,0.0,,538.3147,109.5,,538.3147,60,,538.3149,0.0,,538.315,0.0,,538.3152,1.2734375,,538.3152,0.0,,538.315,0.0,,538.315,-0.875,,
538.3347,0,,538.335,-0.3125,,538.3346,0.0,,538.3351,0.0,,538.3347,0,,538.3349,0.0,,538.3346,109.4375,,538.3346,60,,538.3347,0.0,,538.3349,0.0,,538.335,1.26171875,,538.335,0.0,,538.3349,0.0,,538.3349,-0.3125,,
538.3548,0,,538.3551,0.6875,,538.3547,0.0,,538.3552,0.0,,538.3548,0,,538.355,0.0,,538.3547,109.4375,,538.3547,60,,538.3548,0.0,,538.355,0.0,,538.3551,1.31640625,,538.3551,0.0,,538.355,0.0,,538.355,-1.4375,,
538.3747,0,,538.375,-0.8125,,538.3746,0.0,,538.3751,0.0,,538.3747,0,,538.3749,0.0,,538.3746,109.4375,,538.3746,60,,538.3747,0.0,,538.3749,0.0,,538.375,1.296875,,538.375,0.0,,538.3749,0.0,,538.3749,-0.875,,
538.3948,0,,538.395,1.1875,,538.3947,0.0,,538.3951,0.0,,538.3948,0,,538.3949,0.0,,538.3947,109.4375,,538.3947,60,,538.3948,0.0,,538.3949,0.0,,538.395,1.26171875,,538.395,0.0,,538.3949,0.0,,538.3949,-1.125,,
538.4148,0,,538.4151,0.1875,,538.4147,0.0,,538.4151,0.0,,538.4148,0,,538.4149,0.0,,538.4147,109.375,,538.4147,60,,538.4148,0.0,,538.4149,0.0,,538.4151,1.2890625,,538.4151,0.0,,538.4149,0.0,,538.4149,0.0,,
538.4347,0,,538.435,0.1875,,538.4346,0.0,,538.435,0.0,,538.4347,0,,538.4348,0.0,,538.4346,109.4375,,538.4346,60,,538.4347,0.0,,538.4348,0.0,,538.435,1.2734375,,538.435,0.0,,538.4348,0.0,,538.4348,0.625,,
538.4548,0,,538.4551,-0.8125,,538.4547,0.0,,538.4551,0.0,,538.4548,0,,538.4549,0.0,,538.4547,109.375,,538.4547,60,,538.4548,0.0,,538.4549,0.0,,538.4551,1.28125,,538.4551,0.0,,538.4549,0.0,,538.4549,0.625,,
538.4747,0,,538.475,1.1875,,538.4746,0.0,,538.475,0.0,,538.4747,0,,538.4748,0.0,,538.4746,109.4375,,538.4746,60,,538.4747,0.0,,538.4748,0.0,,538.475,1.25390625,,538.475,0.0,,538.4748,0.0,,538.4748,-0.5625,,
538.4947,0,,538.495,0.6875,,538.4946,0.0,,538.4951,0.0,,538.4947,0,,538.4949,0.0,,538.4946,109.5,,538.4946,60,,538.4947,0.0,,538.4949,0.0,,538.495,1.2734375,,538.495,0.0,,538.4949,0.0,,538.4949,-0.25,,
538.5148,0,,538.5151,-0.3125,,538.5147,0.0,,538.5152,0.0,,538.5148,0,,538.515,0.0,,538.5147,109.5,,538.5147,60,,538.5148,0.0,,538.515,0.0,,538.5151,1.26171875,,538.5151,0.0,,538.515,0.0,,538.515,-0.3125,,
538.5347,0,,538.535,0.1875,,538.5346,0.0,,538.5351,0.0,,538.5347,0,,538.5349,0.0,,538.5346,109.5,,538.5346,60,,538.5347,0.0,,538.5349,0.0,,538.535,1.2734375,,538.535,0.0,,538.5349,0.0,,538.5349,-0.5625,,
538.555,0,,538.5552,0.1875,,538.5548,0.0,,538.5553,0.0,,538.555,0,,538.5551,0.0,,538.5548,109.4375,,538.5548,60,,538.555,0.0,,538.5551,0.0,,538.5552,1.25390625,,538.5552,0.0,,538.5551,0.0,,538.5551,0.625,,
538.5747,0,,538.575,-0.3125,,538.5746,0.0,,538.5751,0.0,,538.5747,0,,538.5749,0.0,,538.5746,109.375,,538.5746,60,,538.5747,0.0,,538.5749,0.0,,538.575,1.24609375,,538.575,0.0,,538.5749,0.0,,538.5749,0.875,,
538.5947,0,,538.595,-0.3125,,538.5946,0.0,,538.595,0.0,,538.5947,0,,538.5948,0.0,,538.5946,109.375,,538.5946,60,,538.5947,0.0,,538.5948,0.0,,538.595,1.24609375,,538.595,0.0,,538.5948,0.0,,538.5948,0.3125,,
538.6149,0,,538.6152,0.1875,,538.6148,0.0,,538.6153,0.0,,538.6149,0,,538.6151,0.0,,538.6148,109.375,,538.6148,60,,538.6149,0.0,,538.6151,0.0,,538.6152,1.23828125,,538.6152,0.0,,538.6151,0.0,,538.6151,0.625,,
538.6347,0,,538.635,-0.3125,,538.6346,0.0,,538.635,0.0,,538.6347,0,,538.6348,0.0,,538.6346,109.5,,538.6346,60,,538.6347,0.0,,538.6348,0.0,,538.635,1.23828125,,538.635,0.0,,538.6348,0.0,,538.6348,0.875,,
538.6549,0,,538.6552,-0.8125,,538.6548,0.0,,538.6553,0.0,,538.6549,0,,538.6551,0.0,,538.6548,109.5625,,538.6548,60,,538.6549,0.0,,538.6551,0.0,,538.6552,1.26171875,,538.6552,0.0,,538.6551,0.0,,538.6551,0.625,,
538.6747,0,,538.675,-0.3125,,538.6746,0.0,,538.675,0.0,,538.6747,0,,538.6748,0.0,,538.6746,109.5,,538.6746,60,,538.6747,0.0,,538.6748,0.0,,538.675,1.28125,,538.675,0.0,,538.6748,0.0,,538.6748,1.5,,
538.6947,0,,538.6949,0.1875,,538.6946,0.0,,538.695,0.0,,538.6947,0,,538.6948,0.0,,538.6946,109.5,,538.6946,60,,538.6947,0.0,,538.6948,0.0,,538.6949,1.2890625,,538.6949,0.0,,538.6948,0.0,,538.6948,-0.5625,,
538.7149,0,,538.7152,-0.3125,,538.7148,0.0,,538.7152,0.0,,538.7149,0,,538.715,0.0,,538.7148,109.5,,538.7148,60,,538.7149,0.0,,538.715,0.0,,538.7152,1.2734375,,538.7152,0.0,,538.715,0.0,,538.715,0.3125,,
538.7347,0,,538.7349,-0.3125,,538.7346,0.0,,538.735,0.0,,538.7347,0,,538.7348,0.0,,538.7346,109.5,,538.7346,60,,538.7347,0.0,,538.7348,0.0,,538.7349,1.2890625,,538.7349,0.0,,538.7348,0.0,,538.7348,0.3125,,
538.7549,0,,538.7552,0.1875,,538.7548,0.0,,538.7552,0.0,,538.7549,0,,538.755,0.0,,538.7548,109.5,,538.7548,60,,538.7549,0.0,,538.755,0.0,,538.7552,1.32421875,,538.7552,0.0,,538.755,0.0,,538.755,-0.5625,,
538.7747,0,,538.7749,0.6875,,538.7746,0.0,,538.775,0.0,,538.7747,0,,538.7748,0.0,,538.7746,109.4375,,538.7746,60,,538.7747,0.0,,538.7748,0.0,,538.7749,1.28125,,538.7749,0.0,,538.7748,0.0,,538.7748,-0.25,,
538.7947,0,,538.7949,0.6875,,538.7945,0.0,,538.795,0.0,,538.7947,0,,538.7948,0.0,,538.7945,109.4375,,538.7945,60,,538.7947,0.0,,538.7948,0.0,,538.7949,1.2734375,,538.7949,0.0,,538.7948,0.0,,538.7948,-0.25,,
538.8149,0,,538.8151,-0.3125,,538.8147,0.0,,538.8152,0.0,,538.8149,0,,538.815,0.0,,538.8147,109.4375,,538.8147,60,,538.8149,0.0,,538.815,0.0,,538.8151,1.28125,,538.8151,0.0,,538.815,0.0,,538.815,-0.3125,,
538.8347,0,,538.8349,-0.8125,,538.8345,0.0,,538.835,0.0,,538.8347,0,,538.8348,0.0,,538.8345,109.5,,538.8345,60,,538.8347,0.0,,538.8348,0.0,,538.8349,1.28125,,538.8349,0.0,,538.8348,0.0,,538.8348,0.625,,
538.8549,0,,538.8551,-0.3125,,538.8547,0.0,,538.8552,0.0,,538.8549,0,,538.855,0.0,,538.8547,109.5,,538.8547,60,,538.8549,0.0,,538.855,0.0,,538.8551,1.2734375,,538.8551,0.0,,538.855,0.0,,538.855,0.875,,
538.8747,0,,538.8749,1.1875,,538.8745,0.0,,538.875,0.0,,538.8747,0,,538.8748,0.0,,538.8745,109.4375,,538.8745,60,,538.8747,0.0,,538.8748,0.0,,538.8749,1.2734375,,538.8749,0.0,,538.8748,0.0,,538.8748,-1.1875,,
538.8947,0,,538.8949,-0.3125,,538.8946,0.0,,538.895,0.0,,538.8947,0,,538.8948,0.0,,538.8946,109.5,,538.8946,60,,538.8947,0.0,,538.8948,0.0,,538.8949,1.30859375,,538.8949,0.0,,538.8948,0.0,,538.8948,0.875,,
538.9148,0,,538.9151,0.1875,,538.9147,0.0,,538.9152,0.0,,538.9148,0,,538.915,0.0,,538.9147,109.4375,,538.9147,60,,538.9148,0.0,,538.915,0.0,,538.9151,1.2734375,,538.9151,0.0,,538.915,0.0,,538.915,0.625,,
538.9346,0,,538.9349,-0.8125,,538.9345,0.0,,538.9349,0.0,,538.9346,0,,538.9347,0.0,,538.9345,109.5,,538.9345,60,,538.9346,0.0,,538.9347,0.0,,538.9349,1.28125,,538.9349,0.0,,538.9347,0.0,,538.9347,1.1875,,
538.9548,0,,538.9551,-1.3125,,538.9547,0.0,,538.9552,0.0,,538.9548,0,,538.955,0.0,,538.9547,109.5,,538.9547,60,,538.9548,0.0,,538.955,0.0,,538.9551,1.31640625,,538.9551,0.0,,538.955,0.0,,538.955,1.5,,
538.9746,0,,538.9749,-0.3125,,538.9745,0.0,,538.9749,0.0,,538.9746,0,,538.9747,0.0,,538.9745,109.5,,538.9745,60,,538.9746,0.0,,538.9747,0.0,,538.9749,1.32421875,,538.9749,0.0,,538.9747,0.0,,538.9747,0.875,,
538.9946,0,,538.9948,-0.3125,,538.9945,0.0,,538.9949,0.0,,538.9946,0,,538.9947,0.0,,538.9945,109.5,,538.9945,60,,538.9946,0.0,,538.9947,0.0,,538.9948,1.30859375,,538.9948,0.0,,538.9947,0.0,,538.9947,0.875,,
539.0148,0,,539.0151,0.6875,,539.0147,0.0,,539.0151,0.0,,539.0148,0,,539.0149,0.0,,539.0147,109.4375,,539.0147,60,,539.0148,0.0,,539.0149,0.0,,539.0151,1.26171875,,539.0151,0.0,,539.0149,0.0,,539.0149,-0.875,,
539.0347,0,,539.0349,0.1875,,539.0345,0.0,,539.035,0.0,,539.0347,0,,539.0348,0.0,,539.0345,109.4375,,539.0345,60,,539.0347,0.0,,539.0348,0.0,,539.0349,1.2734375,,539.0349,0.0,,539.0348,0.0,,539.0348,0.0,,
539.0533,0,,539.0536,-0.3125,,539.0532,0.0,,539.0537,0.0,,539.0533,0,,539.0535,0.0,,539.0532,109.4375,,539.0532,60,,539.0533,0.0,,539.0535,0.0,,539.0536,1.296875,,539.0536,0.0,,539.0535,0.0,,539.0535,1.5,,
539.0734,0,,539.0737,0.1875,,539.0732,0.0,,539.0738,0.0,,539.0734,0,,539.0736,0.0,,539.0732,109.4375,,539.0732,60,,539.0734,0.0,,539.0736,0.0,,539.0737,1.296875,,539.0737,0.0,,539.0736,0.0,,539.0736,-1.1875,,
539.0947,0,,539.0949,-0.3125,,539.0945,0.0,,539.095,0.0,,539.0947,0,,539.0948,0.0,,539.0945,109.4375,,539.0945,60,,539.0947,0.0,,539.0948,0.0,,539.0949,1.296875,,539.0949,0.0,,539.0948,0.0,,539.0948,0.3125,,
539.1148,0,,539.1151,-0.3125,,539.1147,0.0,,539.1152,0.0,,539.1148,0,,539.115,0.0,,539.1147,109.5,,539.1147,60,,539.1148,0.0,,539.115,0.0,,539.1151,1.28125,,539.1151,0.0,,539.115,0.0,,539.115,1.5,,
539.1347,0,,539.1349,-0.3125,,539.1345,0.0,,539.135,0.0,,539.1347,0,,539.1348,0.0,,539.1345,109.4375,,539.1345,60,,539.1347,0.0,,539.1348,0.0,,539.1349,1.31640625,,539.1349,0.0,,539.1348,0.0,,539.1348,0.875,,
539.1548,0,,539.1551,0.6875,,539.1547,0.0,,539.1552,0.0,,539.1548,0,,539.155,0.0,,539.1547,109.5,,539.1547,60,,539.1548,0.0,,539.155,0.0,,539.1551,1.32421875,,539.1551,0.0,,539.155,0.0,,539.155,0.3125,,
539.1747,0,,539.175,1.1875,,539.1746,0.0,,539.1751,0.0,,539.1747,0,,539.1749,0.0,,539.1746,109.375,,539.1746,60,,539.1747,0.0,,539.1749,0.0,,539.175,1.28125,,539.175,0.0,,539.1749,0.0,,539.1749,-1.75,,
539.1947,0,,539.195,-0.3125,,539.1946,0.0,,539.195,0.0,,539.1947,0,,539.1948,0.0,,539.1946,109.4375,,539.1946,60,,539.1947,0.0,,539.1948,0.0,,539.195,1.26171875,,539.195,0.0,,539.1948,0.0,,539.1948,-0.875,,
539.2148,0,,539.2151,-0.3125,,539.2147,0.0,,539.2151,0.0,,539.2148,0,,539.2149,0.0,,539.2147,109.4375,,539.2147,60,,539.2148,0.0,,539.2149,0.0,,539.2151,1.25390625,,539.2151,0.0,,539.2149,0.0,,539.2149,0.3125,,
539.2348,0,,539.235,0.1875,,539.2346,0.0,,539.2351,0.0,,539.2348,0,,539.2349,0.0,,539.2346,109.4375,,539.2346,60,,539.2348,0.0,,539.2349,0.0,,539.235,1.28125,,539.235,0.0,,539.2349,0.0,,539.2349,-0.5625,,
539.2547,0,,539.255,-0.3125,,539.2546,0.0,,539.2551,0.0,,539.2547,0,,539.2549,0.0,,539.2546,109.5,,539.2546,60,,539.2547,0.0,,539.2549,0.0,,539.255,1.296875,,539.255,0.0,,539.2549,0.0,,539.2549,-0.875,,
539.2747,0,,539.2749,-0.3125,,539.2745,0.0,,539.275,0.0,,539.2747,0,,539.2748,0.0,,539.2745,109.5,,539.2745,60,,539.2747,0.0,,539.2748,0.0,,539.2749,1.33203125,,539.2749,0.0,,539.2748,0.0,,539.2748,-0.3125,,
539.2947,0,,539.295,0.1875,,539.2946,0.0,,539.2951,0.0,,539.2947,0,,539.2949,0.0,,539.2946,109.5,,539.2946,60,,539.2947,0.0,,539.2949,0.0,,539.295,1.296875,,539.295,0.0,,539.2949,0.0,,539.2949,0.0,,
539.3149,0,,539.3152,0.1875,,539.3147,0.0,,539.3152,0.0,,539.3149,0,,539.315,0.0,,539.3147,109.4375,,539.3147,59,,539.3149,0.0,,539.315,0.0,,539.3152,1.2890625,,539.3152,0.0,,539.315,0.0,,539.315,-0.5625,,
539.3347,0,,539.335,0.1875,,539.3346,0.0,,539.3351,0.0,,539.3347,0,,539.3349,0.0,,539.3346,109.375,,539.3346,59,,539.3347,0.0,,539.3349,0.0,,539.335,1.26171875,,539.335,0.0,,539.3349,0.0,,539.3349,0.0,,
539.355,0,,539.3552,0.1875,,539.3549,0.0,,539.3554,0.0,,539.355,0,,539.3551,0.0,,539.3549,109.4375,,539.3549,60,,539.355,0.0,,539.3551,0.0,,539.3552,1.21875,,539.3552,0.0,,539.3551,0.0,,539.3551,-1.75,,
539.3747,0,,539.375,-0.3125,,539.3746,0.0,,539.3751,0.0,,539.3747,0,,539.3749,0.0,,539.3746,109.4375,,539.3746,60,,539.3747,0.0,,539.3749,0.0,,539.375,1.25390625,,539.375,0.0,,539.3749,0.0,,539.3749,-0.3125,,
539.3948,0,,539.395,-0.3125,,539.3947,0.0,,539.3951,0.0,,539.3948,0,,539.3949,0.0,,539.3947,109.5,,539.3947,59,,539.3948,0.0,,539.3949,0.0,,539.395,1.26171875,,539.395,0.0,,539.3949,0.0,,539.3949,-0.3125,,
539.4149,0,,539.4152,-0.3125,,539.4148,0.0,,539.4153,0.0,,539.4149,0,,539.4151,0.0,,539.4148,109.375,,539.4148,59,,539.4149,0.0,,539.4151,0.0,,539.4152,1.26171875,,539.4152,0.0,,539.4151,0.0,,539.4151,-0.875,,
539.4347,0,,539.435,0.6875,,539.4346,0.0,,539.435,0.0,,539.4347,0,,539.4348,0.0,,539.4346,109.4375,,539.4346,59,,539.4347,0.0,,539.4348,0.0,,539.435,1.2734375,,539.435,0.0,,539.4348,0.0,,539.4348,-1.1875,,
539.455,0,,539.4552,0.6875,,539.4549,0.0,,539.4553,0.0,,539.455,0,,539.4551,0.0,,539.4549,109.375,,539.4549,59,,539.455,0.0,,539.4551,0.0,,539.4552,1.2734375,,539.4552,0.0,,539.4551,0.0,,539.4551,-1.5,,
539.4747,0,,539.475,2.25,,539.4746,0.0,,539.475,0.0,,539.4747,0,,539.4748,0.0,,539.4746,109.4375,,539.4746,59,,539.4747,0.0,,539.4748,0.0,,539.475,1.28125,,539.475,0.0,,539.4748,0.0,,539.4748,0.0,,
539.4947,0,,539.495,1.1875,,539.4946,0.0,,539.4951,0.0,,539.4947,0,,539.4949,0.0,,539.4946,109.4375,,539.4946,59,,539.4947,0.0,,539.4949,0.0,,539.495,1.26171875,,539.495,0.0,,539.4949,0.0,,539.4949,-0.875,,
539.515,0,,539.5152,-0.3125,,539.5148,0.0,,539.5153,0.0,,539.515,0,,539.5151,0.0,,539.5148,109.5,,539.5148,59,,539.515,0.0,,539.5151,0.0,,539.5152,1.2734375,,539.5152,0.0,,539.5151,0.0,,539.5151,0.3125,,
539.5347,0,,539.535,1.6875,,539.5346,0.0,,539.5351,0.0,,539.5347,0,,539.5349,0.0,,539.5346,109.5,,539.5346,59,,539.5347,0.0,,539.5349,0.0,,539.535,1.30859375,,539.535,0.0,,539.5349,0.0,,539.5349,-0.875,,
539.555,0,,539.5552,0.1875,,539.5548,0.0,,539.5553,0.0,,539.555,0,,539.5551,0.0,,539.5548,109.5,,539.5548,59,,539.555,0.0,,539.5551,0.0,,539.5552,1.31640625,,539.5552,0.0,,539.5551,0.0,,539.5551,0.0,,


<CONTROLLER_CONFIG>
BorgWarner DVT - Customer Version - Release 2021.10 - 64bit
Trace start date_time: 220122_185400
Node: 1
Login at level 4: OK
Software Version: 0705.0012
Software Checksum: 0x01c3
Software Description: Gen4 (T,P,PS - DRL PMAC)Wed Jan 20 16:5
Configuration Checksum: 0x2cb3

0x4641,0: 0x2b
0x4641,1: <Subindex is write only>
0x4641,2: Maximum Stator Current (Is max): 231A(RMS) (0x00e7)
0x4641,3: Minimum Magnetizing Current (Im min): -50.0A(RMS) (0xffce)
0x4641,4: <Subindex does not exist>
0x4641,5: Number of Pole Pairs (np): 16.0 (0x0010)
0x4641,6: <Subindex does not exist>
0x4641,7: Rated Stator Current: 70A(RMS) (0x0046)
0x4641,8: <Subindex does not exist>
0x4641,9: <Subindex does not exist>
0x4641,10: Stator Inductance PMAC (Ls): 299.9901771545409uH (0x13a9)
0x4641,11: <Subindex does not exist>
0x4641,12: Nominal battery voltage: 106.0V (0x06a0)
0x4641,13: Current control proportional gain (Kp): 0.02655029296875 (0x0366)
0x4641,14: Iq max headroom (PMAC geometric): 85.0006103515625% (0x6ccd)
0x4641,15: Current control integral gain: 0.004974365234375 (0x00a3)
0x4641,16: <Subindex does not exist>
0x4641,17: <Subindex does not exist>
0x4641,18: Voltage Constant (Ke): 0.02197265625V/rads (0x02d0)
0x4641,19: <Subindex does not exist>
0x4641,20: <Subindex does not exist>
0x4641,21: <Subindex does not exist>
0x4641,22: Openloop start FW%: 0.0% (0x0000)
0x4641,23: <Subindex does not exist>
0x4641,24: <Subindex does not exist>
0x4641,25: Frequency control Kp: 0.0625 (0x0010)
0x4641,26: Frequency control Ki: 0.19140625 (0x0031)
0x4641,27: <Subindex does not exist>
0x4641,28: <Subindex does not exist>
0x4641,29: <Subindex does not exist>
0x4641,30: Max drive mod index: 100.0% (0x1000)
0x4641,31: Max brake mod index: 100.0% (0x1000)
0x4641,32: <Subindex does not exist>
0x4641,33: Voltage Control Kp: 0.0 (0x0000)
0x4641,34: Voltage Control Ki: 0.0 (0x0000)
0x4641,35: <Subindex does not exist>
0x4641,36: <Subindex does not exist>
0x4641,37: <Subindex does not exist>
0x4641,38: <Subindex does not exist>
0x4641,39: <Subindex does not exist>
0x4641,40: <Subindex does not exist>
0x4641,41: <Subindex does not exist>
0x4641,42: <Subindex does not exist>
0x4641,43: Percentage minimum allowed saturation of Ls: 50.0% (0x4000)

0x4651,0: 0x0a
0x4651,1: Proportional speed gain (Kp): 1.0498046875 (0x10cc)
0x4651,2: Integral speed gain (Ki): 0.0078125 (0x0002)
0x4651,3: Low speed proportional speed gain (Kp_low): 0.0 (0x0000)
0x4651,4: Rollback integral speed gain (Ki_rollback): 0.0 (0x0000)
0x4651,5: Low speed integral speed gain (Ki_low): 0.0 (0x0000)
0x4651,6: Dw/dt damping gain (dw/dt): 0.0 (0x0000)
0x4651,7: Integral initialisation factor: 0.0 (0x0000)
0x4651,8: Speed calculation filter pole: 0.0 (0x0000)
0x4651,9: Pre-limit speed: 0rpm (0x0000)
0x4651,10: Maximum speed limit ramp down rate: 900rpm/s (0x0384)

0x4610,0: <Subindex does not exist>

0x4614,0: <Subindex does not exist>

0x4611,0: 0x12
0x4611,1: Pt 1 Max Torque: 140.0Nm (0x08c0)
0x4611,2: Pt 1 Speed: 10RPM (0x000a)
0x4611,3: Pt 2 Max Torque: 140.0Nm (0x08c0)
0x4611,4: Pt 2 Speed: 200RPM (0x00c8)
0x4611,5: Pt 3 Max Torque: 140.0Nm (0x08c0)
0x4611,6: Pt 3 Speed: 315RPM (0x013b)
0x4611,7: Pt 4 Max Torque: 99.0Nm (0x0630)
0x4611,8: Pt 4 Speed: 380RPM (0x017c)
0x4611,9: Pt 5 Max Torque: 80.0Nm (0x0500)
0x4611,10: Pt 5 Speed: 470RPM (0x01d6)
0x4611,11: Pt 6 Max Torque: 67.0Nm (0x0430)
0x4611,12: Pt 6 Speed: 560RPM (0x0230)
0x4611,13: Pt 7 Max Torque: 60.0Nm (0x03c0)
0x4611,14: Pt 7 Speed: 630RPM (0x0276)
0x4611,15: Pt 8 Max Torque: 54.0Nm (0x0360)
0x4611,16: Pt 8 Speed: 700RPM (0x02bc)
0x4611,17: Pt 9 Max Torque: 49.0Nm (0x0310)
0x4611,18: Pt 9 Speed: 750RPM (0x02ee)

0x4612,0: 0x12
0x4612,1: Pt 1 Voltage: 0.0V (0x0000)
0x4612,2: Voltage Cutback Map - Pt 1 Cutback: 0.0 (0x0000)
0x4612,3: Pt 2 Voltage: 60.0V (0x03c0)
0x4612,4: Voltage Cutback Map - Pt 2 Cutback: 0.0 (0x0000)
0x4612,5: Pt 3 Voltage: 60.0V (0x03c0)
0x4612,6: Voltage Cutback Map - Pt 3 Cutback: 0.0 (0x0000)
0x4612,7: Pt 4 Voltage: 60.0V (0x03c0)
0x4612,8: Voltage Cutback Map - Pt 4 Cutback: 0.0 (0x0000)
0x4612,9: Pt 5 Voltage: 60.0V (0x03c0)
0x4612,10: Voltage Cutback Map - Pt 5 Cutback: 0.5 (0x4000)
0x4612,11: Pt 6 Voltage: 71.0V (0x0470)
0x4612,12: Voltage Cutback Map - Pt 6 Cutback: 0.999969482421875 (0x7fff)
0x4612,13: Pt 7 Voltage: 116.0V (0x0740)
0x4612,14: Voltage Cutback Map - Pt 7 Cutback: 0.999969482421875 (0x7fff)
0x4612,15: Pt 8 Voltage: 120.0V (0x0780)
0x4612,16: Voltage Cutback Map - Pt 8 Cutback: 0.5 (0x4000)
0x4612,17: Pt 9 Voltage: 120.0V (0x0780)
0x4612,18: Voltage Cutback Map - Pt 9 Cutback: 0.0 (0x0000)

0x4619,0: <Subindex does not exist>

0x4650,0: 0x02
0x4650,1: 0x0000
0x4650,2: 0x0000

0x4630,0: 0x15
0x4630,1: Mtr1 Enc Pullup: Off (current sink) (0x00)
0x4630,2: Mtr1 Enc Supply: 5V (0x01)
0x4630,3: Mtr1 Enc Type: UVW only (inv) (0x0004)
0x4630,4: Encoder Offset: 0.0Degrees (0x0000)
0x4630,5: Sin input minimum (trough) voltage: 0.9992673992674025V (0x02aa)
0x4630,6: Sin input maximum (peak) voltage: 4.000000000000013V (0x0aaa)
0x4630,7: Cos input minimum (trough) voltage: 0.9992673992674025V (0x02aa)
0x4630,8: Cos input maximum (peak) voltage: 4.000000000000013V (0x0aaa)
0x4630,9: Actual sin minimum (trough) voltage: 0.0V (0x0000)
0x4630,10: Actual sin maximum (peak) voltage: 0.0V (0x0000)
0x4630,11: Actual cos minimum (trough) voltage: 0.0V (0x0000)
0x4630,12: Actual cos maximum (peak) voltage: 0.0V (0x0000)
0x4630,13: <Subindex does not exist>
0x4630,14: 0x0001
0x4630,15: <Subindex does not exist>
0x4630,16: Encoder offset: 0.0Degrees (0x0000)
0x4630,17: <Subindex does not exist>
0x4630,18: 0x03
0x4630,19: Sin-cos / UVW latency fine adjust: 0us (0x00)
0x4630,20: Sin-cos tracking min warning voltage: 0.0V (0x0000)
0x4630,21: Sin-cos tracking max warning voltage: 5.0V (0x0500)

0x4631,0: <Subindex does not exist>

0x4632,0: <Subindex does not exist>

0x4633,0: <Subindex does not exist>

0x4634,0: <Subindex does not exist>

0x4635,0: <Subindex does not exist>

0x2920,0: 0x10
0x2920,1:  Torque applied during drive: 100.0% (0x03e8)
0x2920,2:  Torque applied during a direction change: 50.0% (0x01f4)
0x2920,3:  Torque applied when neutral braking: 50.0% (0x01f4)
0x2920,4:  Torque applied when footbraking: 100.0% (0x03e8)
0x2920,5: Maximum Speed in forward direction: 780rpm (0x030c)
0x2920,6: Maximum Speed in reverse direction: 780rpm (0x030c)
0x2920,7: Ramp up rate during drive: 900.0%/s (0x2328)
0x2920,8: Ramp up rate during direction change braking: 900.0%/s (0x2328)
0x2920,9: Ramp up rate during neutral braking: 200.0%/s (0x07d0)
0x2920,10: Ramp up rate during footbraking: 200.0%/s (0x07d0)
0x2920,11: Ramp down rate during drive: 900.0%/s (0x2328)
0x2920,12: Ramp down rate during direction change braking: 200.0%/s (0x07d0)
0x2920,13: Ramp down rate during neutral braking: 200.0%/s (0x07d0)
0x2920,14: Ramp down rate during footbraking: 200.0%/s (0x07d0)
0x2920,15: Speed limit ramp up rate when in torque mode: 900rpm/s (0x0384)
0x2920,16: Speed limit ramp down rate when in torque mode: 900rpm/s (0x0384)

0x6060,0: Mode of operation selection: tq (torque mode) (0x04)

0x2900,0: Traction control mode: Torque mode (0x00)

<CONTROLLER_CONFIG>
